Otala punctata	Otala lactea,Cornu aspersum,Eobania vermiculata,Theba pisana,Helix lucorum,Cernuella virgata
Larinioides cornutus	
Brachymyrmex patagonicus	Monomorium minimum,Linepithema humile,Paratrechina longicornis,Prenolepis imparis,Solenopsis invicta,Camponotus pennsylvanicus,Brachymyrmex obscurior,Tetramorium immigrans,Forelius pruinosus,Camponotus planatus,Lasius niger,Lepisiota capensis,Crematogaster scutellaris,Brachymyrmex depilis,Crematogaster laeviuscula,Lasius americanus,Crematogaster ashmeadi,Technomyrmex difficilis
Mimetus puritanus	Parasteatoda tepidariorum,Neoscona arabesca
Takydromus amurensis	Takydromus wolteri,Takydromus tachydromoides,Zootoca vivipara
Coronella girondica	Coronella austriaca,Zamenis scalaris,Natrix maura,Macroprotodon brevis,Malpolon monspessulanus,Vipera aspis,Zamenis longissimus,Storeria dekayi,Natrix helvetica,Macroprotodon mauritanicus,Natrix tessellata,Vipera latastei,Natrix astreptophora,Hemorrhois hippocrepis,Vipera seoanei
Helminthoglypta nickliniana	Cornu aspersum,Helminthoglypta arrosa,Helminthoglypta sequoicola,Helminthoglypta carpenteri,Helminthoglypta tudiculata,Haplotrema minimum,Arianta arbustorum,Cepaea nemoralis
Amanita pantherina	Amanita pantherinoides,Amanita rubescens,Amanita excelsa,Amanita muscaria,Amanita regalis,Amanita augusta,Amanita brunnescens,Amanita canescens,Amanita multisquamosa,Amanita crenulata,Amanita ibotengutake,Amanita rhacopus,Amanita franchetii,Amanita persicina,Amanita nothofagi,Amanita porphyria,Amanita citrina,Amanita velosa,Amanita subglobosa,Amanita aprica,Coprinopsis picacea,Amanita velatipes,Amanita ceciliae
Theba pisana	Otala lactea,Eobania vermiculata,Cernuella virgata,Cornu aspersum,Helicella itala,Cepaea nemoralis,Monacha cantiana,Monacha cartusiana,Xerosecta arigonis,Xerolenta obvia,Otala punctata,Bradybaena similaris,Helicina orbiculata,Hygromia cinctella,Cepaea hortensis,Cernuella cisalpina
Spodiopsar cineraceus	Spodiopsar sericeus,Sturnus vulgaris,Turdus migratorius,Acridotheres tristis,Spilopelia chinensis,Motacilla alba,Gracupica nigricollis,Hirundo rustica,Columba livia,Acridotheres javanicus,Turdus eunomus,Hypsipetes amaurotis,Pycnonotus sinensis,Sturnia malabarica,Aplonis panayensis,Passer domesticus,Passer montanus,Eophona migratoria,Junco hyemalis
Amanita xanthocephala	Amanita muscaria,Amanita parcivolvata,Amanita flavella,Leratiomyces ceres,Amanita flavoconia
Lacerta bilineata	Lacerta viridis,Podarcis siculus,Lacerta agilis,Anolis carolinensis,Timon lepidus,Lacerta schreiberi,Lacerta trilineata,Podarcis muralis,Iguana iguana,Ctenosaura similis,Podarcis waglerianus,Zootoca vivipara,Ctenosaura pectinata,Stenocercus trachycephalus,Liolaemus tenuis,Podarcis liolepis,Psammodromus algirus
Virgilia oroboides	Virgilia divaricata,Nerium oleander,Podalyria calyptrata,Sesbania punicea,Acacia mearnsii
Lasius niger	Camponotus pennsylvanicus,Linepithema humile,Tetramorium immigrans,Lasius neoniger,Lasius fuliginosus,Lasius emarginatus,Prenolepis imparis,Lasius americanus,Paratrechina longicornis,Solenopsis invicta,Lasius brunneus,Lasius flavus,Camponotus vagus,Lasius aphidicola,Monomorium minimum,Camponotus chromaiodes,Solenopsis geminata,Camponotus compressus,Brachymyrmex patagonicus
Bidens alba	Bidens pilosa,Bidens bipinnata,Tridax procumbens,Causonis japonica,Sida ulmifolia,Melampodium leucanthum,Bellis perennis,Aegopodium podagraria,Bidens frondosa,Bidens bigelovii,Calyptocarpus vialis,Galinsoga parviflora,Kalanchoe pinnata,Crassocephalum crepidioides,Palafoxia arida,Solanum americanum,Leucanthemum vulgare,Eupatorium formosanum,Bidens biternata,Fatoua villosa,Acalypha indica,Galinsoga quadriradiata
Amanita cokeri	Amanita magniverrucata,Amanita muscaria,Amanita canescens,Amanita ravenelii,Amanita daucipes,Amanita abrupta,Chlorophyllum molybdites,Amanita polypyramis,Amanita rhopalopus,Macrolepiota procera,Amanita persicina,Leucoagaricus americanus,Amanita citrina,Amanita flavorubens,Hypomyces hyalinus,Amanita multisquamosa,Lycoperdon marginatum,Amanita onusta,Amanita rubescens,Neolentinus lepideus,Amanita bisporigera
Epilachna borealis	Harmonia axyridis,Epilachna varivestis,Epilachna tredecimnotata,Henosepilachna vigintioctopunctata,Harmonia conformis,Diabrotica undecimpunctata
Erigeron coulteri	Bellis perennis,Erigeron annuus,Erigeron strigosus,Erigeron speciosus,Erigeron glacialis,Erigeron pulchellus,Erigeron philadelphicus,Erigeron eatonii,Leucanthemum vulgare,Erigeron melanocephalus,Erigeron elatior,Erigeron karvinskianus,Erigeron compositus,Erigeron divergens
Acacia oshanesii	Acacia irrorata,Acacia mearnsii
Leucaena leucocephala	Paraserianthes lophantha,Delonix regia,Albizia julibrissin,Leucaena diversifolia,Leucaena pulverulenta,Senegalia berlandieri,Albizia lebbeck,Havardia pallens,Adenanthera pavonina,Lysiloma divaricatum,Leucaena esculenta,Cenostigma eriostachys,Mimosa pudica,Phyllanthus tenellus,Jacaranda mimosifolia,Gleditsia triacanthos,Mimosa pigra,Phyllanthus urinaria,Tamarindus indica,Sesbania drummondii,Vachellia farnesiana
Zachrysia provisoria	Cornu aspersum,Bradybaena similaris,Helicina orbiculata,Cantareus apertus,Helix pomatia,Patera roemeri,Neohelix albolabris,Mesodon thyroidus,Pomacea maculata,Oxychilus draparnaudi,Pomacea canaliculata,Arianta arbustorum,Megaustenia imperator,Sinum perspectivum,Eobania vermiculata,Zachrysia auricoma,Theba pisana
Vipera ammodytes	Vipera berus,Vipera aspis,Vipera ursinii,Montivipera xanthina,Macrovipera lebetinus,Vipera transcaucasiana,Telescopus fallax,Elaphe quatuorlineata
Amanita muscaria	Amanita flavoconia,Amanita persicina,Amanita frostiana,Amanita flavorubens,Amanita parcivolvata,Amanita velatipes,Amanita rubescens,Amanita aprica,Amanita pantherina,Amanita caesarea,Amanita regalis,Amanita citrina,Amanita augusta,Amanita crenulata,Amanita xanthocephala,Amanita cokeri,Amanita pantherinoides,Leratiomyces ceres,Russula sanguinea,Amanita jacksonii,Amanita basii,Amanita wellsii
Harmonia quadripunctata	Harmonia axyridis,Adalia decempunctata,Olla v-nigrum,Anatis ocellata,Myrrha octodecimguttata,Coccinella septempunctata,Aphidecta obliterata,Psyllobora vigintiduopunctata,Mulsantina picta,Adalia bipunctata,Calvia quatuordecimguttata,Harmonia conformis,Subcoccinella vigintiquatuorpunctata,Oenopia conglobata,Hippodamia variegata,Tytthaspis sedecimpunctata
Acridotheres grandis	Acridotheres tristis,Acridotheres javanicus,Acridotheres cristatellus,Acridotheres fuscus,Columba livia
Thryothorus ludovicianus	Troglodytes aedon,Thryomanes bewickii,Passer domesticus,Cardinalis cardinalis,Baeolophus bicolor,Turdus migratorius,Melospiza melodia,Toxostoma rufum,Mimus polyglottos,Cistothorus palustris,Troglodytes hiemalis,Zonotrichia albicollis,Spizella passerina,Poecile carolinensis,Haemorhous mexicanus,Sitta canadensis,Sayornis phoebe,Catharus guttatus,Chamaea fasciata,Sitta pusilla,Sitta carolinensis,Spinus tristis,Molothrus ater,Catherpes mexicanus
Acridotheres javanicus	Acridotheres tristis,Acridotheres cristatellus,Acridotheres fuscus,Acridotheres grandis,Columba livia,Aplonis panayensis,Sturnus vulgaris,Corvus splendens,Acridotheres ginginianus,Turdus merula,Gracula religiosa,Dicrurus macrocercus,Spodiopsar cineraceus,Acridotheres cinereus,Pycnonotus goiavier,Passer domesticus,Turdus chiguanco,Hypsipetes leucocephalus,Scissirostrum dubium,Turdus fuscater,Manorina melanocephala,Corvus brachyrhynchos
Zygiella x-notata	Steatoda nobilis,Larinioides cornutus,Zygiella atrica,Araneus diadematus,Larinioides sclopetarius,Oecobius navus,Nuctenea umbratica,Steatoda triangulosa,Parasteatoda tepidariorum,Metellina merianae,Mangora acalypha,Neriene montana,Salsa fuliginata,Neoscona oaxacensis,Steatoda grossa,Anelosimus vittatus,Tegenaria domestica,Zoropsis spinimana,Latrodectus hesperus,Badumna longinqua,Anyphaena accentuata
Argiope aurantia	Argiope trifasciata,Neoscona oaxacensis,Argiope bruennichi,Argiope argentata,Trichonephila clavipes,Trichonephila clavata,Argiope appensa,Leucauge venusta,Araneus diadematus,Trichonephila senegalensis,Eriovixia laglaizei,Argiope florida,Araneus marmoreus,Neoscona domiciliorum,Mecynogea lemniscata,Araneus nordmanni,Neriene radiata,Argiope australis,Argiope keyserlingi,Nephila pilipes,Argiope lobata,Argiope catenulata,Latrodectus hesperus
Monomorium minimum	
Parasteatoda tepidariorum	Steatoda triangulosa,Latrodectus geometricus,Araneus diadematus,Steatoda grossa,Nesticodes rufipes,Steatoda nobilis,Zygiella x-notata,Cryptachaea gigantipes,Neoscona crucifera,Scytodes thoracica,Larinioides sclopetarius,Araneus pegnia,Parasteatoda tabulata,Larinioides cornutus,Pholcus phalangioides,Oecobius navus,Cryptachaea veruculata,Zosis geniculata,Argiope aurantia,Nephilingis cruentata,Holocnemus pluchei,Tidarren sisyphoides,Mimetus puritanus
Acacia dealbata	Acacia baileyana,Acacia mearnsii,Acacia decurrens,Paraserianthes lophantha,Acacia melanoxylon,Acacia retinodes,Vachellia macracantha,Acacia irrorata,Albizia julibrissin,Acacia longifolia,Vachellia caven,Leucaena leucocephala,Vachellia pennatula,Acacia saligna,Vachellia farnesiana,Acacia pycnantha,Acacia podalyriifolia,Vachellia karroo,Acacia cultriformis,Sequoia sempervirens,Acacia parvipinnula,Vachellia campechiana,Acacia deanei
Uta stansburiana	Sceloporus occidentalis,Urosaurus ornatus,Sceloporus graciosus,Sceloporus tristichus,Sceloporus cowlesi,Aspidoscelis tigris,Urosaurus nigricauda,Holbrookia maculata,Urosaurus graciosus,Callisaurus draconoides,Cophosaurus texanus,Sceloporus magister,Anolis sagrei,Holbrookia elegans,Podarcis muralis,Sceloporus merriami,Aspidoscelis hyperythrus,Gambelia wislizenii,Elgaria multicarinata,Sceloporus orcutti,Sceloporus consobrinus,Aspidoscelis exsanguis,Petrosaurus mearnsi
Sturnus vulgaris	Sturnus unicolor,Turdus merula,Quiscalus quiscula,Agelaius phoeniceus,Molothrus ater,Turdus migratorius,Euphagus cyanocephalus,Passer domesticus,Corvus brachyrhynchos,Columba livia,Dumetella carolinensis,Turdus philomelos,Colaptes auratus,Turdus viscivorus,Zenaida macroura,Quiscalus mexicanus,Mimus polyglottos,Turdus pilaris,Corvus ossifragus,Coloeus monedula,Progne subis,Acridotheres tristis,Haemorhous mexicanus,Molothrus bonariensis
Austrophlebia costalis	Petalura gigantea
Darevskia praticola	Lacerta agilis,Zootoca vivipara,Lacerta viridis,Podarcis muralis,Darevskia brauneri,Darevskia derjugini
Lampropholis delicata	Lampropholis guichenoti,Scincella lateralis,Oligosoma aeneum,Carinascincus metallicus,Zootoca vivipara,Eulamprus quoyii,Cryptoblepharus pulcher,Trachylepis margaritifera,Anolis sagrei,Oligosoma polychroma,Saproscincus mustelinus,Anolis carolinensis,Anepischetosia maccoyi,Plestiodon fasciatus,Lygisaurus foliorum,Podarcis muralis,Lampropholis couperi,Eutropis multifasciata,Sphenomorphus indicus,Carlia rubrigularis,Carlia vivax,Gymnophthalmus speciosus,Elgaria coerulea,Ornithuroscincus noctua
Zonotrichia albicollis	Melospiza melodia,Zonotrichia leucophrys,Passer domesticus,Spizella passerina,Melospiza georgiana,Passerculus sandwichensis,Zonotrichia atricapilla,Thryothorus ludovicianus,Spizelloides arborea,Agelaius phoeniceus,Melospiza lincolnii,Junco hyemalis,Ammodramus savannarum,Haemorhous mexicanus,Spizella pusilla,Passerella iliaca,Regulus satrapa,Cardinalis cardinalis,Turdus migratorius,Spizella pallida,Setophaga coronata,Poecile atricapillus,Passer montanus,Toxostoma rufum
Hygrocybe conica	
Zosis geniculata	Nephilingis cruentata,Parasteatoda tepidariorum,Nephilengys malabarensis,Latrodectus geometricus,Cyclosa insulana,Larinioides sclopetarius,Zygiella x-notata,Uloborus glomosus,Argiope argentata
Hierophis viridiflavus	Zamenis longissimus,Natrix helvetica,Natrix natrix,Hierophis gemonensis,Malpolon monspessulanus,Lampropeltis holbrooki,Coluber constrictor,Thamnophis sirtalis,Natrix tessellata,Vipera aspis,Coronella austriaca,Vipera berus,Natrix maura,Masticophis flagellum,Malpolon insignitus,Zamenis situla,Hemorrhois hippocrepis,Lampropeltis nigra,Natrix astreptophora,Masticophis mentovarius,Lampropeltis splendida,Nerodia sipedon
Xerotricha conspurcata	Cornu aspersum,Trochulus hispidus,Xeroplexa intersecta,Cantareus apertus,Bradybaena similaris,Eobania vermiculata,Cernuella cisalpina,Anguispira alternata,Otala lactea,Theba pisana,Marmorana muralis,Monacha cantiana,Helicigona lapicida,Hygromia cinctella,Helix pomatia
Oecophylla smaragdina	Anoplolepis gracilipes,Solenopsis invicta,Solenopsis geminata,Pogonomyrmex barbatus,Oecophylla longinoda,Camponotus castaneus,Linepithema humile,Atta cephalotes,Camponotus nicobarensis,Tetramorium bicarinatum,Paratrechina longicornis,Tetraponera rufonigra,Myrmica rubra,Prenolepis imparis,Camponotus rufoglaucus,Atta mexicana,Pseudomyrmex pallidus,Atta texana
Chondestes grammacus	Passer domesticus,Spizella passerina,Melospiza melodia,Spizella pallida,Zonotrichia leucophrys,Passerculus sandwichensis,Pooecetes gramineus,Agelaius phoeniceus,Calamospiza melanocorys,Pheucticus ludovicianus,Haemorhous mexicanus,Spiza americana,Aimophila ruficeps,Zonotrichia capensis,Melospiza lincolnii,Peucaea carpalis,Mimus polyglottos,Passer montanus,Pheucticus melanocephalus,Ammodramus savannarum,Spizelloides arborea,Peucaea cassinii,Turdus migratorius,Sturnella neglecta
Hygrocybe nigrescens	Hygrocybe conica,Hygrocybe singeri,Hygrocybe intermedia
Hygromia cinctella	Cornu aspersum,Urticicola umbrosus,Arianta arbustorum,Monacha cantiana,Trochulus hispidus,Cepaea nemoralis,Trochulus striolatus,Monacha cartusiana,Fruticicola fruticum,Xeroplexa intersecta,Helicigona lapicida,Hygromia limbata,Bradybaena similaris,Theba pisana,Cepaea hortensis,Zonitoides arboreus,Oxychilus draparnaudi,Aegopinella nitidula,Succinea putris,Zachrysia provisoria,Xerotricha conspurcata,Vallonia excentrica
Junco hyemalis	Sayornis nigricans,Passer domesticus,Poecile atricapillus,Turdus migratorius,Pipilo maculatus,Junco phaeonotus,Dumetella carolinensis,Melospiza melodia,Poecile rufescens,Sayornis phoebe,Haemorhous mexicanus,Baeolophus bicolor,Psaltriparus minimus,Melozone crissalis,Zonotrichia leucophrys,Spizella passerina,Mimus polyglottos,Passerella iliaca,Sturnus vulgaris,Thryomanes bewickii,Sitta carolinensis,Zonotrichia albicollis,Melanospiza bicolor,Poecile gambeli
Scytodes thoracica	Oecobius navus,Steatoda triangulosa,Dictis striatipes,Scytodes globula,Parasteatoda tepidariorum,Tegenaria domestica,Steatoda grossa,Scytodes longipes,Pholcus phalangioides,Phalangium opilio,Araneus diadematus,Anyphaena accentuata,Nesticus cellulanus,Zoropsis spinimana,Cheiracanthium mildei,Loxosceles reclusa,Latrodectus geometricus
Acridotheres cristatellus	Acridotheres javanicus,Acridotheres tristis,Acridotheres grandis,Turdus mandarinus,Sturnus vulgaris,Columba livia,Eudynamys scolopaceus,Copsychus saularis,Corvus macrorhynchos,Pica serica,Pycnonotus jocosus,Quiscalus mexicanus,Aplonis panayensis,Acridotheres fuscus,Turdus merula,Corvus splendens,Corvus brachyrhynchos,Corvus corax,Hypsipetes leucocephalus,Corvus corone,Corythornis cristatus,Sturnus unicolor,Passer montanus,Turdus cardis
Atrina rigida	Atrina serrata,Atrina seminuda,Atrina zelandica,Pinna rudis,Pinna carnea,Pinna nobilis
Chilocorus cacti	Harmonia axyridis,Chilocorus stigma,Olla v-nigrum,Axion plagiatum,Cheilomenes sexmaculata,Adalia bipunctata,Chilocorus renipustulatus,Thalassa montezumae,Curinus coeruleus,Brachiacantha subfasciata
Gracupica nigricollis	Fluvicola nengeta,Columba livia,Motacilla alba,Passer domesticus,Acridotheres tristis,Copsychus saularis,Spilopelia chinensis,Pica serica,Spodiopsar cineraceus,Spodiopsar sericeus,Sturnia sinensis,Mimus polyglottos,Pycnonotus jocosus,Sturnus vulgaris,Passer montanus,Gymnorhina tibicen,Eudynamys scolopaceus,Gracupica contra,Pandion haliaetus,Colaptes auratus,Mimus gilvus,Plocepasser mahali
Coccinella septempunctata	Harmonia axyridis,Hippodamia convergens,Adalia bipunctata,Hippodamia variegata,Coccinella quinquepunctata,Coccinella undecimpunctata,Coccinella magnifica,Coccinella novemnotata,Coccinella californica,Coccinella transversalis,Cheilomenes sexmaculata,Cycloneda sanguinea,Harmonia conformis,Adalia decempunctata,Chelymorpha cassidea,Anatis ocellata,Olla v-nigrum,Leptinotarsa decemlineata,Coelophora inaequalis
Podarcis muralis	Podarcis siculus,Podarcis liolepis,Zootoca vivipara,Lacerta agilis,Podarcis virescens,Podarcis erhardii,Podarcis bocagei,Sceloporus occidentalis,Anolis sagrei,Elgaria coerulea,Podarcis tiliguerta,Podarcis guadarramae,Iberolacerta monticola,Iberolacerta horvathi,Uta stansburiana,Iberolacerta bonnali,Lacerta viridis,Podarcis melisellensis,Psammodromus algirus,Algyroides nigropunctatus,Lacerta bilineata,Podarcis vaucheri,Anolis carolinensis
Eobania vermiculata	Cornu aspersum,Otala lactea,Theba pisana,Cepaea nemoralis,Otala punctata,Cernuella virgata,Cepaea hortensis,Helix lucorum,Helix pomatia,Caucasotachea vindobonensis,Monacha cantiana,Xerotricha conspurcata,Monacha cartusiana,Xeroplexa intersecta,Bradybaena similaris,Helicella itala,Lissachatina fulica,Zachrysia provisoria
Coronella austriaca	Coronella girondica,Vipera berus,Zamenis longissimus,Storeria dekayi,Natrix tessellata,Natrix natrix,Vipera aspis,Anguis fragilis,Malpolon monspessulanus,Natrix helvetica,Anguis colchica,Natrix maura,Hierophis viridiflavus,Vipera seoanei,Zamenis scalaris,Dolichophis caspius,Thamnophis elegans,Thamnophis sirtalis,Anguis veronensis,Zamenis lineatus,Conopsis lineata,Zamenis hohenackeri,Hemorrhois hippocrepis,Pseudopus apodus
Passer melanurus	Passer domesticus,Passer diffusus,Plocepasser mahali,Crithagra gularis,Emberiza capensis,Acridotheres tristis,Serinus alario,Philetairus socius,Passer griseus,Motacilla capensis
Zamenis scalaris	Coronella girondica,Natrix maura,Malpolon monspessulanus,Hemorrhois hippocrepis,Anguis fragilis,Pantherophis alleghaniensis,Elaphe quatuorlineata,Coronella austriaca,Vipera aspis,Natrix astreptophora,Pituophis catenifer,Vipera latastei,Storeria dekayi
Tetramorium caespitum	
Paratrechina longicornis	Linepithema humile,Monomorium minimum,Camponotus pennsylvanicus,Brachymyrmex patagonicus,Lepisiota capensis,Camponotus compressus,Solenopsis invicta,Lasius niger,Iridomyrmex anceps,Atta mexicana,Anoplolepis gracilipes,Tetramorium immigrans,Oecophylla smaragdina,Camponotus planatus,Pseudomyrmex gracilis,Camponotus floridanus,Prenolepis imparis
Solenopsis xyloni	Solenopsis invicta,Pogonomyrmex californicus,Linepithema humile,Crematogaster laeviuscula,Solenopsis geminata,Pogonomyrmex barbatus,Pogonomyrmex rugosus,Tetramorium immigrans,Tetramorium bicarinatum,Solenopsis aurea,Liometopum occidentale,Monomorium minimum,Camponotus castaneus,Camponotus floridanus,Paratrechina longicornis,Monomorium pharaonis
Acacia mearnsii	Acacia dealbata,Acacia decurrens,Paraserianthes lophantha,Acacia melanoxylon,Acacia irrorata,Leucaena leucocephala,Acacia parramattensis,Acacia baileyana,Acacia parvipinnula,Albizia julibrissin,Acacia terminalis,Grevillea robusta,Acacia pycnantha,Acacia longifolia,Acacia deanei,Acacia myrtifolia,Callicoma serratifolia,Acaciella angustissima,Acacia saligna,Acacia oshanesii,Virgilia oroboides,Vachellia pennatula,Acacia elata,Exocarpos cupressiformis
Erigeron pulchellus	Erigeron philadelphicus,Erigeron annuus,Erigeron strigosus,Erigeron quercifolius,Bellis perennis,Erigeron speciosus,Leucanthemum vulgare,Pulicaria dysenterica,Erigeron peregrinus,Erigeron karvinskianus,Erigeron coulteri,Oclemena acuminata,Erigeron canadensis,Rudbeckia hirta,Tussilago farfara,Rugelia nudicaulis,Erigeron pubescens,Hieracium gronovii,Antennaria plantaginifolia,Symphyotrichum novae-angliae,Erigeron glacialis,Erigeron divergens,Erigeron glaucus
Bellis perennis	Leucanthemum vulgare,Bellis sylvestris,Erigeron karvinskianus,Bellis annua,Erigeron strigosus,Erigeron philadelphicus,Erigeron annuus,Arctotis acaulis,Erigeron glaucus,Gomphrena globosa,Erigeron peregrinus,Aphanostephus ramosissimus,Tripleurospermum inodorum,Bidens alba,Trifolium repens,Erigeron pulchellus,Brachyscome decipiens,Leucanthemum maximum,Tanacetum parthenium,Trifolium pratense,Erigeron coulteri,Matricaria chamomilla
Columba livia	Columba palumbus,Zenaida macroura,Streptopelia decaocto,Columba rupestris,Zenaida asiatica,Columba oenas,Spilopelia chinensis,Patagioenas fasciata,Zenaida auriculata,Streptopelia roseogrisea,Patagioenas maculosa,Columba guinea,Sturnus vulgaris,Corvus brachyrhynchos,Ocyphaps lophotes,Passer domesticus,Spilopelia senegalensis,Hemiphaga novaeseelandiae,Corvus cornix,Coloeus monedula,Gallus gallus,Streptopelia orientalis,Geopelia striata,Patagioenas cayennensis
Amanita flavorubens	Amanita muscaria,Amanita flavoconia,Amanita rubescens,Amanita frostiana,Amanita brunnescens,Suillus americanus,Amanita citrina,Amanita augusta,Armillaria mellea,Amanita persicina,Amanita elongata,Amanita levistriata,Amanita phalloides,Amanita velatipes,Amanita crenulata,Amanita caesarea,Bolbitius titubans,Amanita roseotincta,Amanita cokeri,Leucocoprinus birnbaumii,Amanita pantherina,Amanita parcivolvata
Amanita wellsii	Amanita muscaria,Amanita flavoconia,Amanita flavorubens
Acacia baileyana	Acacia dealbata,Acacia podalyriifolia,Acacia cultriformis,Eucalyptus cinerea,Acacia decurrens,Acacia mearnsii,Vachellia farnesiana,Acacia melanoxylon,Vachellia schaffneri,Vachellia macracantha,Acacia pravissima,Paraserianthes lophantha,Acacia pycnantha,Acacia retinodes,Albizia julibrissin,Leucosidea sericea,Jacobaea maritima,Macleaya cordata,Cotinus coggygria,Picea pungens,Grevillea robusta
Adalia decempunctata	Harmonia axyridis,Harmonia quadripunctata,Adalia bipunctata,Chilocorus renipustulatus,Coccinella septempunctata,Calvia decemguttata,Calvia quatuordecimguttata,Hippodamia variegata,Myrrha octodecimguttata,Chilocorus stigma,Mulsantina picta,Propylea japonica,Aphidecta obliterata,Coccinella undecimpunctata,Brachiacantha ursina,Olla v-nigrum,Oenopia conglobata,Scymnus interruptus
Coccinella transversalis	Cheilomenes sexmaculata,Harmonia axyridis,Coelophora inaequalis,Coccinella septempunctata,Harmonia octomaculata,Labidomera clivicollis,Hippodamia variegata,Propylea japonica,Micraspis frenata,Harmonia conformis,Coccinella undecimpunctata,Novius cardinalis,Adalia decempunctata,Cycloneda sanguinea,Adalia bipunctata
Monacha cantiana	Arianta arbustorum,Cepaea nemoralis,Cepaea hortensis,Cornu aspersum,Hygromia cinctella,Trochulus striolatus,Theba pisana,Monacha cartusiana,Fruticicola fruticum,Helicella itala,Bradybaena similaris,Trochulus hispidus,Eobania vermiculata,Cernuella virgata,Otala lactea,Helix pomatia,Xeroplexa intersecta,Oxychilus draparnaudi,Succinea putris,Euomphalia strigella,Caucasotachea vindobonensis,Xerotricha conspurcata,Helicina orbiculata
Aphanostephus ramosissimus	Erigeron modestus,Bellis perennis,Aphanostephus skirrhobasis,Erigeron karvinskianus,Leucanthemum vulgare,Symphyotrichum divaricatum,Galinsogeopsis spilanthoides,Chaetopappa ericoides,Melampodium cinereum,Erigeron strigosus,Erigeron annuus,Erigeron divergens,Felicia muricata
Erigeron philadelphicus	Erigeron pulchellus,Erigeron strigosus,Erigeron annuus,Erigeron quercifolius,Bellis perennis,Pulicaria dysenterica,Erigeron divergens,Erigeron speciosus,Erigeron glabellus,Erigeron procumbens,Leucanthemum vulgare,Erigeron canadensis,Erigeron acris,Erigeron glacialis,Erigeron modestus,Symphyotrichum novae-angliae,Hesperis matronalis,Erigeron glaucus,Erechtites hieraciifolius,Erigeron sumatrensis,Erigeron karvinskianus,Eurybia conspicua,Erigeron tenuis
Amanita persicina	Amanita muscaria,Amanita parcivolvata,Amanita flavoconia,Amanita rubescens,Amanita crenulata,Amanita pantherina,Amanita flavorubens,Amanita frostiana,Amanita jacksonii,Amanita aprica,Amanita roseotincta,Amanita cokeri,Amanita brunnescens,Amanita lavendula,Amanita velatipes,Amanita caesarea,Leratiomyces ceres,Amanita citrina,Suillus spraguei,Hemileccinum subglabripes,Amanita canescens,Amanita polypyramis
Acridotheres tristis	Acridotheres javanicus,Acridotheres fuscus,Manorina melanocephala,Acridotheres cristatellus,Acridotheres grandis,Turdus migratorius,Acridotheres ginginianus,Sturnus vulgaris,Gracula religiosa,Columba livia,Turdus merula,Pycnonotus leucotis,Passer domesticus,Junco hyemalis,Gracupica contra,Spodiopsar cineraceus,Pycnonotus cafer,Passer montanus,Copsychus saularis,Spilopelia chinensis,Gracupica nigricollis,Mimus polyglottos,Eudynamys scolopaceus,Gymnorhina tibicen
Subcoccinella vigintiquatuorpunctata	Harmonia axyridis,Coccinella septempunctata,Henosepilachna argus,Hippodamia variegata,Adalia decempunctata,Psyllobora vigintiduopunctata,Novius cardinalis,Henosepilachna vigintioctopunctata,Harmonia quadripunctata,Epilachna varivestis,Coccinella undecimpunctata
Acacia pycnantha	Acacia saligna,Acacia melanoxylon,Acacia retinodes,Acacia longifolia,Acacia myrtifolia,Acacia implexa,Acacia cyclops,Acacia iteaphylla,Acacia decurrens,Acacia confusa,Acacia dealbata,Acacia redolens,Acacia provincialis,Acacia macradenia,Acacia notabilis,Acacia falciformis,Acacia mearnsii,Acacia verniciflua,Acacia floribunda,Acacia obliquinervia,Eucalyptus microcarpa,Acacia paradoxa,Acacia baileyana,Acacia difformis
Copsychus saularis	Pica serica,Copsychus albospecularis,Saxicola caprata,Rhipidura javanica,Motacilla alba,Copsychus malabaricus,Pica pica,Copsychus mindanensis,Pica hudsonia,Motacilla maderaspatensis,Setophaga caerulescens,Acridotheres tristis,Gracupica nigricollis,Sayornis nigricans,Mimus polyglottos,Copsychus sechellarum,Acridotheres cristatellus,Passer domesticus,Cracticus nigrogularis,Dendrocitta formosae,Saxicola ferreus,Aplonis panayensis
Rumina decollata	Rumina saharica,Cornu aspersum,Cochlicopa lubrica,Subulina octona,Cochlicella acuta,Sinistrofulgur perversum,Rabdotus mooreanus,Lissachatina fulica,Euglandina rosea,Cochlicella barbara,Melanoides tuberculata,Rabdotus dealbatus,Euglandina singleyana,Papillifera papillaris,Bulimulus bonariensis,Helix pomatia,Zebrina detrita,Allopeas gracile,Merdigera obscura,Cantareus apertus
Steatoda grossa	Steatoda nobilis,Steatoda triangulosa,Steatoda borealis,Steatoda capensis,Steatoda bipunctata,Latrodectus hesperus,Nesticodes rufipes,Oecobius navus,Metaltella simoni,Parasteatoda tepidariorum,Steatoda paykulliana,Steatoda albomaculata,Tegenaria domestica,Latrodectus geometricus,Latrodectus mactans,Loxosceles reclusa,Loxosceles laeta,Scotophaeus blackwalli,Scytodes fusca,Eratigena duellica,Meta menardi
Nesticodes rufipes	Steatoda grossa,Steatoda triangulosa,Parasteatoda tepidariorum,Latrodectus geometricus,Steatoda nobilis,Steatoda capensis,Trachelas tranquillus,Cheiracanthium mildei,Oecobius navus,Florinda coccinea,Loxosceles rufescens,Cithaeron praedonius,Scytodes fusca,Kukulcania hibernalis,Dysdera crocata,Metaltella simoni,Meta menardi,Loxosceles laeta,Latrodectus bishopi,Scotophaeus blackwalli
Pinna nobilis	Pinna rudis,Atrina fragilis,Atrina rigida
Mimus polyglottos	Mimus gilvus,Passer domesticus,Dumetella carolinensis,Turdus migratorius,Zenaida macroura,Lanius ludovicianus,Mimus saturninus,Toxostoma curvirostre,Sayornis phoebe,Toxostoma rufum,Aphelocoma californica,Baeolophus bicolor,Setophaga coronata,Haemorhous mexicanus,Tyrannus dominicensis,Zenaida asiatica,Sayornis nigricans,Tyrannus forficatus,Sturnus vulgaris,Thryothorus ludovicianus,Polioptila caerulea,Sayornis saya,Myadestes townsendi
Erigeron annuus	Erigeron strigosus,Erigeron philadelphicus,Erigeron pulchellus,Erigeron canadensis,Bellis perennis,Leucanthemum vulgare,Symphyotrichum pilosum,Erigeron karvinskianus,Erigeron sumatrensis,Lapsana communis,Erigeron quercifolius,Erigeron speciosus,Silene latifolia,Plantago major,Hackelia virginiana,Tanacetum parthenium,Symphyotrichum lanceolatum,Lithospermum officinale,Erigeron coulteri,Symphyotrichum novi-belgii,Erigeron acris,Solidago rugosa,Erigeron divergens,Artemisia vulgaris
Adalia bipunctata	Harmonia axyridis,Coccinella septempunctata,Hippodamia variegata,Coccinella quinquepunctata,Adalia decempunctata,Cheilomenes sexmaculata,Hippodamia convergens,Cycloneda polita,Chilocorus renipustulatus,Chilocorus stigma,Coccinella undecimpunctata,Cycloneda sanguinea,Chilocorus cacti,Mulsantina picta,Brachiacantha ursina,Olla v-nigrum,Coccinella monticola,Harmonia quadripunctata,Cycloneda munda
Turdus merula	Sturnus vulgaris,Turdus philomelos,Turdus fuscater,Turdus pilaris,Turdus mandarinus,Sturnus unicolor,Erithacus rubecula,Agelaius phoeniceus,Turdus viscivorus,Coloeus monedula,Turdus migratorius,Corvus corone,Quiscalus quiscula,Turdus chiguanco,Sylvia atricapilla,Euphagus cyanocephalus,Corvus frugilegus,Phoenicurus ochruros,Molothrus bonariensis,Quiscalus mexicanus,Turdus simillimus,Passer domesticus,Columba livia,Prunella modularis
Cornu aspersum	Helix pomatia,Otala lactea,Eobania vermiculata,Arianta arbustorum,Cantareus apertus,Lissachatina fulica,Cepaea nemoralis,Theba pisana,Bradybaena similaris,Helix lucorum,Sinistrofulgur perversum,Zachrysia provisoria,Xerotricha conspurcata,Hygromia cinctella,Xerarionta stearnsiana,Otala punctata,Xeroplexa intersecta,Cepaea hortensis,Rumina decollata,Fruticicola fruticum,Monacha cantiana,Helminthoglypta tudiculata,Helminthoglypta nickliniana,Helicina orbiculata
Fringilla coelebs	Fringilla montifringilla,Chloris chloris,Passer domesticus,Pyrrhula pyrrhula,Fringilla spodiogenys,Parus major,Carduelis carduelis,Linaria cannabina,Phylloscopus collybita,Ficedula hypoleuca,Spinus spinus,Erithacus rubecula,Coccothraustes coccothraustes,Phoenicurus phoenicurus,Garrulus glandarius,Passer montanus,Phylloscopus trochilus,Regulus regulus,Turdus pilaris,Sylvia atricapilla,Troglodytes troglodytes,Spinus tristis,Turdus merula,Sylvia borin
Lygodactylus capensis	Afrogecko porphyreus,Lygodactylus chobiensis,Hemidactylus frenatus,Anolis sagrei,Hemidactylus mabouia,Lygodactylus bradfieldi,Trachylepis punctatissima,Podarcis muralis,Anolis carolinensis,Sceloporus occidentalis,Hemidactylus platyurus,Homonota horrida,Lygodactylus grotei,Lygodactylus mombasicus,Lygodactylus angularis,Trachylepis capensis,Trachylepis varia,Lygodactylus angolensis,Lygodactylus keniensis,Lygodactylus incognitus,Lepidodactylus lugubris,Trachylepis striata,Urosaurus ornatus,Gehyra mutilata
Haemorhous mexicanus	Haemorhous purpureus,Passer domesticus,Spinus pinus,Haemorhous cassinii,Melospiza melodia,Molothrus ater,Cardinalis cardinalis,Turdus migratorius,Melozone crissalis,Pinicola enucleator,Spizella passerina,Setophaga coronata,Spinus tristis,Pyrocephalus rubinus,Spinus psaltria,Carpodacus erythrinus,Loxia curvirostra,Acanthis flammea,Passerina caerulea,Mimus polyglottos,Melozone fusca,Junco hyemalis,Troglodytes aedon,Passerina cyanea
Acacia longifolia	Acacia melanoxylon,Acacia cyclops,Acacia floribunda,Acacia saligna,Acacia redolens,Acacia auriculiformis,Acacia pycnantha,Acacia retinodes,Acacia obtusifolia,Acacia binervia,Hakea salicifolia,Acacia mucronata,Acacia leiocalyx,Acacia stricta,Solidago altissima,Acacia dealbata,Acacia confusa,Acacia suaveolens,Olea europaea,Acacia longissima,Dodonaea viscosa,Acacia disparrima,Acacia maidenii,Acacia implexa
Xeroplexa intersecta	Cornu aspersum,Cernuella virgata,Backeljaia gigaxii,Hygromia cinctella,Xerotricha conspurcata,Cernuella cisalpina,Arianta arbustorum,Anguispira alternata,Eobania vermiculata,Polygyra cereolus,Theba pisana,Otala lactea,Monacha cantiana,Oxychilus draparnaudi,Trochulus striolatus,Ashfordia granulata,Helicella itala,Cepaea nemoralis
Teira dugesii	Podarcis muralis,Podarcis virescens,Gallotia caesaris,Podarcis bocagei,Podarcis siculus,Anolis sagrei,Tropidurus torquatus,Gallotia stehlini,Zootoca vivipara
Cheilomenes sexmaculata	Harmonia axyridis,Coccinella transversalis,Coelophora inaequalis,Coccinella septempunctata,Adalia bipunctata,Propylea japonica,Harmonia octomaculata,Chilocorus cacti,Oenopia conglobata,Brachiacantha ursina,Chilocorus stigma,Novius cardinalis,Micraspis frenata,Hippodamia variegata
Helix lucorum	Helix pomatia,Cornu aspersum,Helix cincta,Cepaea nemoralis,Arianta arbustorum,Eobania vermiculata,Lissachatina fulica,Helix thessalica,Otala lactea,Monadenia fidelis,Cepaea hortensis,Macularia sylvatica,Helix philibinensis,Caucasotachea vindobonensis,Xerolenta obvia,Caracolus marginella,Otala punctata,Deroceras reticulatum
Pseudomyrmex gracilis	
Gallotia galloti	Gallotia caesaris,Gallotia atlantica,Gallotia stehlini,Gallotia intermedia,Podarcis muralis,Zootoca vivipara
Amanita velatipes	Amanita muscaria,Amanita canescens,Amanita crenulata,Amanita multisquamosa,Amanita flavorubens,Amanita pantherina,Amanita rubescens,Amanita brunnescens,Amanita persicina,Amanita bisporigera,Chlorophyllum molybdites,Amanita daucipes,Hypomyces hyalinus,Amanita flavoconia
Passer italiae	Passer domesticus,Passer montanus,Passer hispaniolensis,Fringilla coelebs,Haemorhous mexicanus,Petronia petronia,Spizella passerina,Saxicola rubicola,Muscicapa striata,Melospiza melodia,Parus major,Sturnus vulgaris,Prunella modularis,Phoenicurus phoenicurus,Turdus merula,Lanius senator,Junco hyemalis,Serinus serinus
Gracula religiosa	Gracula indica,Acridotheres tristis,Acridotheres javanicus,Acridotheres ginginianus,Mino dumontii,Dicrurus paradiseus,Acridotheres fuscus
Leratiomyces ceres	Hygrocybe coccinea,Stropharia rugosoannulata,Amanita muscaria,Lactarius rufulus,Marasmius vagus,Leratiomyces erythrocephalus,Lactarius rubidus,Marasmius elegans,Tubaria furfuracea,Agrocybe pediades,Hygrocybe conica,Gliophorus psittacinus,Leratiomyces percevalii,Russula cremoricolor,Amanita parcivolvata,Hygrocybe laetissima,Laccaria fraterna,Gymnopilus penetrans,Gymnopilus sapineus
Brachyscome decipiens	Bellis perennis,Brachyscome spathulata
Vipera latastei	Vipera aspis,Natrix maura,Vipera monticola,Vipera seoanei,Coronella girondica,Vipera berus,Zamenis scalaris,Coronella austriaca
Amanita parcivolvata	Amanita muscaria,Amanita jacksonii,Amanita flavoconia,Amanita persicina,Amanita caesarea,Amanita arkansana,Amanita erythrocephala,Amanita xanthocephala,Amanita frostiana,Hygrocybe acutoconica,Hygrocybe conica,Hygrocybe cuspidata,Leratiomyces ceres,Leratiomyces erythrocephalus,Leucoagaricus rubrotinctus,Russula cremoricolor,Amanita fulva,Pluteus aurantiorugosus,Amanita flavorubens,Hygrocybe coccinea
Larinioides sclopetarius	Araneus diadematus,Larinioides cornutus,Nuctenea umbratica,Larinioides patagiatus,Neoscona crucifera,Araneus cavaticus,Araneus saevus,Araneus angulatus,Dolomedes tenebrosus,Araneus nordmanni,Zygiella x-notata,Neoscona nautica,Dolomedes scriptus,Agalenatea redii,Parasteatoda tepidariorum,Metepeira labyrinthea,Oecobius navus,Araneus gemmoides,Neoscona oaxacensis,Badumna longinqua,Steatoda nobilis,Tegenaria domestica,Araneus marmoreus
Tetramorium immigrans	Tetramorium caespitum,Monomorium minimum,Camponotus pennsylvanicus,Prenolepis imparis,Linepithema humile,Solenopsis invicta,Lasius niger,Lasius neoniger,Lasius claviger,Tetramorium tsushimae,Aphaenogaster rudis,Veromessor andrei,Lasius americanus,Camponotus modoc,Camponotus nearcticus,Aphaenogaster occidentalis,Paratrechina longicornis,Brachymyrmex patagonicus,Temnothorax longispinosus,Pogonomyrmex barbatus
Cassia fistula	Cassia leptophylla,Laburnum anagyroides,Koelreuteria paniculata,Kigelia africana,Handroanthus chrysanthus,Senna atomaria,Senna siamea,Tecoma stans,Caesalpinia pulcherrima,Senna surattensis,Koelreuteria elegans,Lagerstroemia subcostata,Roseodendron donnell-smithii,Senna pendula,Delonix regia,Erythrostemon mexicanus,Sapindus mukorossi,Moringa oleifera,Styphnolobium japonicum,Samanea saman
Araneus pegnia	Parasteatoda tepidariorum,Steatoda triangulosa,Eriophora ravilla,Larinioides cornutus,Neoscona crucifera,Araneus diadematus,Araneus thaddeus,Larinioides patagiatus,Araneus marmoreus,Neoscona arabesca,Larinioides sclopetarius,Oecobius navus,Neoscona domiciliorum,Mangora placida,Araneus quadratus
Cryptachaea gigantipes	Cryptachaea veruculata,Parasteatoda tepidariorum,Pholcus phalangioides,Cheiracanthium mildei
Oecobius navus	Steatoda triangulosa,Steatoda grossa,Scytodes thoracica,Menemerus bivittatus,Steatoda nobilis,Philodromus dispar,Zygiella x-notata,Zoropsis spinimana,Araneus diadematus,Tegenaria domestica,Anyphaena accentuata,Larinioides sclopetarius,Menemerus semilimbatus,Metellina merianae,Neriene montana,Plexippus petersi,Kukulcania hibernalis,Parasteatoda tepidariorum,Nephilingis cruentata,Metaltella simoni,Herpyllus ecclesiasticus,Platycryptus undatus,Cheiracanthium mildei
Helminthoglypta tudiculata	Cornu aspersum,Helminthoglypta traskii,Cantareus apertus,Otala lactea,Xerarionta stearnsiana,Helminthoglypta arrosa,Patera roemeri,Helminthoglypta petricola,Helminthoglypta nickliniana,Theba pisana,Monadenia fidelis
Tanacetum parthenium	Matricaria chamomilla,Chamaemelum nobile,Artemisia vulgaris,Tanacetum corymbosum,Leucanthemum vulgare,Tanacetum vulgare,Chrysanthemum indicum,Galinsogeopsis spilanthoides,Bellis perennis,Erigeron annuus,Anthemis cotula,Geranium robertianum,Tripleurospermum inodorum,Chelidonium majus,Tanacetum balsamita,Achillea ptarmica,Argyranthemum frutescens,Chrysanthemum morifolium,Artemisia annua,Artemisia absinthium,Erigeron strigosus
Erigeron glaucus	Erigeron karvinskianus,Bellis perennis,Erigeron speciosus,Symphyotrichum chilense,Erigeron glacialis,Corethrogyne filaginifolia,Erigeron philadelphicus,Erigeron foliosus,Sedum palmeri,Aster alpinus,Solidago spathulata,Oenothera drummondii,Erigeron quercifolius,Erigeron compositus,Erigeron bonariensis,Heliotropium curassavicum,Lysimachia arvensis,Tripolium pannonicum,Erigeron peregrinus,Pulicaria paludosa,Oreostemma alpigenum,Limonium ramosissimum
Latrodectus geometricus	Latrodectus hesperus,Latrodectus mactans,Parasteatoda tepidariorum,Steatoda nobilis,Steatoda triangulosa,Latrodectus hasselti,Steatoda grossa,Latrodectus variolus,Trichonephila clavipes,Nesticodes rufipes,Neoscona oaxacensis,Nephilingis cruentata,Argiope aurantia,Neoscona crucifera,Araneus diadematus,Loxosceles reclusa,Holocnemus pluchei,Kukulcania hibernalis,Argiope argentata,Leucauge venusta,Enoplognatha ovata,Zosis geniculata,Eriophora ravilla,Badumna longinqua
Dolomedes fimbriatus	Dolomedes triton,Pisaura mirabilis,Dolomedes plantarius,Philodromus dispar,Dolomedes minor,Pirata piraticus,Nilus albocinctus,Hogna radiata,Anyphaena accentuata,Pisaurina brevipes,Pisaurina mira
Poecile carolinensis	Poecile atricapillus,Passer domesticus,Baeolophus bicolor,Sitta carolinensis,Thryothorus ludovicianus,Sayornis phoebe,Mimus polyglottos,Cardinalis cardinalis,Baeolophus atricristatus,Periparus ater,Poecile montanus,Junco hyemalis,Poecile gambeli,Poecile palustris,Sitta pusilla,Parus major,Lanius ludovicianus,Zonotrichia albicollis,Spizella passerina,Polioptila caerulea,Dryobates pubescens,Setophaga coronata
Prunella modularis	Passer domesticus,Erithacus rubecula,Troglodytes troglodytes,Prunella collaris,Turdus merula,Melospiza melodia,Linaria cannabina,Junco hyemalis,Phoenicurus ochruros,Turdus philomelos,Sylvia atricapilla,Fringilla coelebs,Saxicola rubicola,Sturnus vulgaris,Passer montanus,Emberiza schoeniclus,Anthus pratensis,Carduelis carduelis,Zonotrichia capensis,Sylvia borin,Anthus trivialis,Luscinia megarhynchos
Holocnemus pluchei	Pholcus phalangioides,Crossopriza lyoni,Smeringopus pallidus,Pholcus manueli,Latrodectus hesperus,Smeringopus natalensis,Parasteatoda tepidariorum,Phalangium opilio,Latrodectus geometricus,Physocyclus globosus,Neriene radiata,Opilio canestrinii,Neriene litigiosa,Scytodes globula,Artema atlanta,Leiobunum vittatum
Passer montanus	Passer domesticus,Passer italiae,Passer hispaniolensis,Fringilla coelebs,Parus major,Pycnonotus sinensis,Spizella passerina,Emberiza schoeniclus,Passer cinnamomeus,Zonotrichia capensis,Lonchura punctulata,Junco hyemalis,Spilopelia chinensis,Haemorhous mexicanus,Pycnonotus jocosus,Geopelia striata,Acridotheres tristis,Pycnonotus goiavier,Zonotrichia albicollis,Melospiza melodia,Sylvia atricapilla,Prunella modularis
Acacia decurrens	Acacia dealbata,Acacia mearnsii,Acacia parramattensis,Acacia terminalis,Paraserianthes lophantha,Acacia baileyana,Acacia melanoxylon,Acacia filicifolia,Acacia pycnantha,Acacia irrorata,Acacia longifolia,Acacia deanei,Acacia acinacea,Acacia verniciflua,Acacia linifolia,Acacia elata,Acacia podalyriifolia,Acacia paradoxa
Acridotheres ginginianus	Acridotheres tristis,Acridotheres javanicus,Acridotheres fuscus,Gracula religiosa
Prenolepis imparis	Linepithema humile,Solenopsis invicta,Tetramorium immigrans,Lasius neoniger,Lasius claviger,Camponotus castaneus,Monomorium minimum,Camponotus pennsylvanicus,Brachymyrmex patagonicus,Lasius niger,Camponotus subbarbatus,Lasius americanus,Camponotus americanus,Lasius aphidicola,Lasius emarginatus,Liometopum occidentale,Brachymyrmex depilis,Anoplolepis gracilipes,Myrmica rubra,Camponotus chromaiodes,Tetramorium caespitum
Natrix tessellata	Natrix natrix,Natrix helvetica,Coronella austriaca,Natrix maura,Vipera aspis,Zamenis longissimus,Vipera berus,Dolichophis caspius,Hierophis viridiflavus,Dolichophis jugularis,Nerodia sipedon,Nerodia rhombifer,Malpolon insignitus,Nerodia erythrogaster,Fowlea piscator,Hierophis gemonensis,Telescopus fallax,Elaphe sauromates,Coronella girondica,Vipera renardi,Tropidonophis mairii,Macrovipera lebetinus,Elaphe dione,Thamnophis elegans
Zootoca vivipara	Lacerta agilis,Podarcis muralis,Lacerta viridis,Lampropholis delicata,Darevskia praticola,Oligosoma polychroma,Lacerta bilineata,Podarcis siculus,Uta stansburiana,Gallotia galloti,Podarcis bocagei,Psammodromus algirus,Anguis fragilis,Plestiodon fasciatus,Takydromus amurensis,Teira dugesii,Lygodactylus capensis
Steatoda triangulosa	Steatoda grossa,Steatoda nobilis,Parasteatoda tepidariorum,Oecobius navus,Latrodectus geometricus,Nesticodes rufipes,Steatoda borealis,Scytodes thoracica,Steatoda bipunctata,Steatoda albomaculata,Trachelas tranquillus,Zygiella x-notata,Steatoda capensis,Latrodectus hesperus,Larinioides cornutus,Araneus diadematus,Steatoda paykulliana,Asagena americana,Araneus pegnia,Pachygnatha degeeri,Theridion melanurum
Zonotrichia leucophrys	Zonotrichia atricapilla,Zonotrichia albicollis,Spizella passerina,Passer domesticus,Melospiza melodia,Spizella pusilla,Spizelloides arborea,Melozone crissalis,Passerculus sandwichensis,Junco hyemalis,Chondestes grammacus,Haemorhous mexicanus,Mimus polyglottos,Aimophila ruficeps,Spizella pallida,Spizella breweri,Peucaea carpalis,Melospiza lincolnii,Zonotrichia querula,Agelaius phoeniceus,Zonotrichia capensis,Thryomanes bewickii,Poecile gambeli,Pheucticus ludovicianus
Neoscona crucifera	Araneus diadematus,Neoscona domiciliorum,Neoscona arabesca,Neoscona oaxacensis,Araneus gemma,Araneus marmoreus,Eriophora ravilla,Larinioides cornutus,Larinioides sclopetarius,Araneus gemmoides,Araneus bicentenarius,Araneus cavaticus,Neoscona orizabensis,Araneus saevus,Araneus nordmanni,Araneus trifolium,Verrucosa arenata,Neoscona subfusca,Badumna longinqua,Parasteatoda tepidariorum,Neoscona punctigera
Telephlebia godeffroyi	Petalura gigantea
Vipera walser	
Bellis sylvestris	
Bellis annua	Bellis perennis,Bellis sylvestris,Erigeron karvinskianus,Mauranthemum paludosum,Matricaria chamomilla,Leucanthemum vulgare
Hippodamia convergens	Coccinella septempunctata,Harmonia axyridis,Hippodamia variegata,Cycloneda sanguinea,Coccinella californica,Coccinella undecimpunctata,Hippodamia tredecimpunctata,Adalia bipunctata,Coccinella novemnotata,Cycloneda polita,Cycloneda munda,Hippodamia caseyi,Olla v-nigrum,Coelophora inaequalis
Hippodamia variegata	Harmonia axyridis,Coccinella septempunctata,Hippodamia convergens,Adalia bipunctata,Coccinella undecimpunctata,Hippodamia tredecimpunctata,Adalia decempunctata,Ceratomegilla notata,Coccinella transversalis,Hippodamia parenthesis,Coelophora inaequalis,Coccinella quinquepunctata,Coccinella novemnotata,Cycloneda sanguinea,Cheilomenes sexmaculata,Harmonia conformis,Subcoccinella vigintiquatuorpunctata,Coccinella magnifica
Pogonomyrmex rugosus	Pogonomyrmex barbatus,Veromessor andrei,Pogonomyrmex occidentalis,Solenopsis invicta,Pogonomyrmex californicus,Camponotus pennsylvanicus,Camponotus vicinus,Linepithema humile,Messor barbarus,Crematogaster scutellaris,Monomorium minimum,Solenopsis xyloni,Tetramorium immigrans,Lasius niger,Acromyrmex versicolor,Atta mexicana,Camponotus cruentatus
Poecile atricapillus	Poecile carolinensis,Passer domesticus,Poecile rufescens,Poecile gambeli,Junco hyemalis,Sitta carolinensis,Baeolophus bicolor,Sitta canadensis,Dryobates pubescens,Periparus ater,Parus major,Poecile hudsonicus,Poecile montanus,Turdus migratorius,Sayornis phoebe,Poecile palustris,Cardinalis cardinalis,Perisoreus canadensis,Spizella passerina,Melospiza melodia,Spinus tristis,Zonotrichia albicollis
Hydnoporia olivacea	Irpex lacteus,Stereum complicatum,Steccherinum ochraceum,Fomitiporia punctata,Phlebia radiata,Hydnoporia tabacina
Cantareus apertus	Cornu aspersum,Zachrysia provisoria,Helix pomatia,Helminthoglypta tudiculata,Xerotricha conspurcata,Cepaea hortensis,Cepaea nemoralis,Helix melanostoma,Otala lactea,Rumina decollata,Succinea putris,Fruticicola fruticum,Theba pisana,Cipangopaludina chinensis
Pituophis catenifer	Pituophis deppei,Thamnophis elegans,Coluber constrictor,Crotalus oreganus,Thamnophis sirtalis,Thamnophis marcianus,Arizona elegans,Masticophis flagellum,Pantherophis obsoletus,Hypsiglena ochrorhynchus,Pantherophis vulpinus,Heterodon nasicus,Pantherophis emoryi,Crotalus viridis,Pantherophis ramspotti,Pantherophis guttatus,Pituophis melanoleucus,Hypsiglena chlorophaea,Pituophis vertebralis,Crotalus atrox,Thamnophis hammondii,Heterodon platirhinos,Masticophis lateralis,Lampropeltis californiae
Podarcis siculus	Podarcis muralis,Podarcis melisellensis,Podarcis waglerianus,Lacerta bilineata,Podarcis tiliguerta,Podarcis filfolensis,Anolis sagrei,Sceloporus occidentalis,Lacerta agilis,Aspidoscelis sexlineatus,Lacerta viridis,Podarcis lilfordi,Podarcis ionicus,Uta stansburiana,Podarcis erhardii,Podarcis tauricus,Podarcis liolepis,Podarcis pityusensis,Elgaria multicarinata,Podarcis bocagei,Podarcis cretensis,Ctenosaura similis,Anolis carolinensis,Aspidoscelis tesselatus
Harmonia conformis	Harmonia axyridis,Coccinella septempunctata,Henosepilachna vigintioctopunctata,Coelophora inaequalis,Epilachna borealis,Calvia quatuordecimguttata,Psyllobora vigintiduopunctata,Coccinella transversalis,Harmonia dimidiata,Hippodamia variegata,Hippodamia convergens,Synonycha grandis,Harmonia quadripunctata,Illeis galbula,Tytthaspis sedecimpunctata,Adalia bipunctata
Amanita jacksonii	Amanita parcivolvata,Amanita caesarea,Amanita flavoconia,Amanita muscaria,Amanita basii,Amanita arkansana,Amanita yema,Amanita caesareoides,Amanita fulva,Amanita persicina,Hygrocybe conica,Hygrocybe punicea,Amanita erythrocephala,Hygrocybe coccinea,Amanita hemibapha,Humidicutis marginata,Amanita garabitoana,Hygrocybe laetissima,Amanita laurae,Amanita crocea,Amanita elongata,Leucoagaricus rubrotinctus,Leratiomyces ceres
Leucanthemum maximum	Leucanthemum vulgare,Nipponanthemum nipponicum,Argyranthemum frutescens,Bellis perennis,Echinacea purpurea,Leucanthemum ircutianum,Tripleurospermum inodorum,Chrysanthemum morifolium,Erigeron karvinskianus,Micranthes micranthidifolia,Zinnia elegans,Erigeron philadelphicus,Callilepis laureola,Leucanthemella serotina,Haloragis erecta,Dahlia pinnata,Packera obovata,Melampodium leucanthum,Mauranthemum paludosum
Guaiacum sanctum	Guaiacum coulteri,Guaiacum officinale,Dermatophyllum secundiflorum,Calliandra haematocephala
Eudynamys scolopaceus	Eudynamys orientalis,Aplonis panayensis,Centropus sinensis,Dicrurus macrocercus,Corvus splendens,Acridotheres cristatellus,Quiscalus mexicanus,Corvus macrorhynchos,Cuculus micropterus,Dicrurus paradiseus,Acridotheres tristis,Columba livia,Cuculus canorus,Hypsipetes leucocephalus,Pica serica,Copsychus saularis,Gracupica nigricollis,Pernis ptilorhynchus,Thamnophilus multistriatus,Turdus merula,Irena puella,Platysmurus leucopterus
Cepaea hortensis	Cepaea nemoralis,Caucasotachea vindobonensis,Fruticicola fruticum,Monacha cantiana,Arianta arbustorum,Cornu aspersum,Helix pomatia,Eobania vermiculata,Littorina obtusata,Helicina orbiculata,Xerolenta obvia,Cernuella virgata,Helicella itala,Theba pisana,Hygromia cinctella,Monacha cartusiana,Cantareus apertus,Bradybaena similaris,Otala lactea,Neohelix albolabris,Helix lucorum,Haplotrema vancouverense,Succinea putris,Macularia sylvatica
Russula sanguinea	Russula rhodocephala,Amanita muscaria,Russula cremoricolor,Russula xerampelina,Russula paludosa,Russula emetica,Russula torulosa,Russula nobilis,Russula mariae,Russula sardonia,Russula queletii,Russula vesca,Russula atropurpurea,Lactarius deliciosus,Leratiomyces ceres,Tricholomopsis rutilans,Russula betularum,Russula sanguinaria
Leucanthemum vulgare	
Psyllobora vigintiduopunctata	Harmonia axyridis,Halyzia sedecimguttata,Tytthaspis sedecimpunctata,Diabrotica undecimpunctata,Calvia decemguttata,Anisosticta novemdecimpunctata,Henosepilachna vigintioctopunctata,Harmonia conformis,Harmonia quadripunctata,Subcoccinella vigintiquatuorpunctata,Chrysomela populi,Chrysomela vigintipunctata,Illeis koebelei,Psyllobora parvinotata,Psyllobora variegata,Olla v-nigrum,Chelymorpha cassidea,Illeis galbula,Adalia decempunctata,Harrisina americana,Psyllobora vigintimaculata,Oenopia conglobata,Hippodamia convergens
Amanita crenulata	Amanita muscaria,Amanita pantherina,Amanita citrina,Amanita persicina,Amanita rubescens,Amanita velatipes,Amanita lavendula,Amanita multisquamosa,Amanita farinosa,Amanita flavorubens,Amanita abrupta,Amanita russuloides,Amanita brunnescens,Amanita pantherinoides,Amanita bisporigera,Amanita phalloides,Amanita flavoconia
Natrix helvetica	Natrix natrix,Hierophis viridiflavus,Natrix tessellata,Natrix astreptophora,Vipera berus,Natrix maura,Vipera aspis,Zamenis longissimus,Coronella austriaca,Malpolon monspessulanus,Anguis fragilis,Coronella girondica,Nerodia rhombifer,Nerodia sipedon,Thamnophis sirtalis,Storeria dekayi
Amanita augusta	Amanita pantherina,Amanita muscaria,Amanita pantherinoides,Amanita flavorubens,Amanita phalloides,Amanita flavoconia,Amanita franchetii,Amanita calyptroderma,Amanita rubescens,Amanita regalis,Amanita aprica,Amanita umbrinidisca,Amanita nothofagi,Amanita vernicoccora,Amanita excelsa,Amanita novinupta,Armillaria mellea,Stropharia ambigua,Amanita velosa
Amanita caesarea	Amanita jacksonii,Amanita basii,Amanita flavoconia,Amanita muscaria,Amanita arkansana,Amanita parcivolvata,Amanita laurae,Amanita yema,Amanita crocea,Amanita elongata,Amanita fulva,Amanita caesareoides,Amanita flavorubens,Amanita persicina,Amanita hemibapha,Tylopilus balloui,Amanita xylinivolva,Amanita subnudipes,Amanita frostiana,Amanita rubescens,Amanita calyptroderma
Liometopum occidentale	Linepithema humile,Prenolepis imparis,Lasius emarginatus,Camponotus vicinus,Pseudomyrmex gracilis,Solenopsis invicta,Camponotus modoc,Camponotus novaeboracensis,Camponotus floridanus,Solenopsis xyloni,Camponotus chromaiodes,Crematogaster laeviuscula,Veromessor andrei,Liometopum apiculatum,Anoplolepis gracilipes,Liometopum microcephalum,Crematogaster scutellaris
Arctotis acaulis	Bellis perennis,Arctotis hirsuta,Arctotheca calendula,Leucanthemum vulgare,Arctotis breviscapa,Dimorphotheca nudicaulis,Dimorphotheca pluvialis,Euryops chrysanthemoides,Arctotheca prostrata,Arctotis scabra,Osteospermum moniliferum,Euryops pectinatus,Arctotis stoechadifolia,Bidens alba,Gazania rigens,Gazania jurineifolia,Dimorphotheca montana,Arctotis lanceolata,Gazania pectinata,Pteronia incana,Celmisia incana,Gazania krebsiana
Acacia deanei	Acacia mearnsii,Acacia decurrens,Acacia dealbata
Solenopsis invicta	Solenopsis xyloni,Crematogaster laeviuscula,Solenopsis geminata,Tetramorium bicarinatum,Camponotus floridanus,Pogonomyrmex barbatus,Linepithema humile,Prenolepis imparis,Pogonomyrmex badius,Atta texana,Oecophylla smaragdina,Tetramorium immigrans,Monomorium minimum,Camponotus castaneus,Camponotus pennsylvanicus,Trachymyrmex septentrionalis,Brachymyrmex patagonicus,Solenopsis richteri,Atta mexicana,Camponotus texanus,Camponotus planatus
Petronia petronia	Passer domesticus,Emberiza calandra,Passer italiae,Linaria cannabina,Haemorhous mexicanus,Passer hispaniolensis,Emberiza citrinella,Lullula arborea,Pyrgilauda davidiana,Calandrella brachydactyla,Carpospiza brachydactyla,Melozone fusca,Tyrannus vociferans,Serinus serinus,Emberiza cirlus,Zonotrichia atricapilla,Spizella passerina
Xerarionta stearnsiana	Cornu aspersum,Xerarionta kellettii,Helminthoglypta tudiculata,Otala lactea,Fruticicola fruticum
Pycnonotus leucotis	Passer domesticus,Pycnonotus cafer,Acridotheres tristis,Pycnonotus leucogenys,Pycnonotus xanthopygos,Pycnonotus aurigaster,Spilopelia senegalensis,Corvus cornix,Pycnonotus goiavier,Pycnonotus jocosus,Motacilla alba,Columba livia
Calidris alba	Calidris mauri,Calidris pusilla,Calidris alpina,Pluvialis squatarola,Calidris minuta,Calidris minutilla,Arenaria interpres,Calidris ruficollis,Tringa semipalmata,Charadrius melodus,Calidris bairdii,Leucophaeus atricilla,Calidris canutus,Charadrius semipalmatus,Calidris fuscicollis,Actitis macularius,Actitis hypoleucos,Arenaria melanocephala,Chroicocephalus ridibundus,Anarhynchus frontalis
Gomphrena globosa	Gomphrena haageana,Trifolium pratense,Bellis perennis,Celosia argentea,Zinnia elegans,Dahlia pinnata,Gomphrena serrata,Knautia macedonica,Trifolium incarnatum,Potentilla indica,Portulaca grandiflora,Centratherum punctatum,Gomphrena celosioides,Xerochrysum bracteatum,Allium schoenoprasum,Trifolium alpestre,Mesembryanthemum cordifolium,Emilia sonchifolia,Boerhavia coccinea,Alternanthera brasiliana,Persicaria capitata,Argyranthemum frutescens
Grevillea robusta	Taxodium distichum,Grevillea banksii,Gleditsia triacanthos,Schinus molle,Pistacia chinensis,Grevillea pteridifolia,Filicium decipiens,Lomatia silaifolia,Azadirachta indica,Afrocarpus falcatus,Acacia mearnsii,Casuarina equisetifolia,Grevillea baileyana,Saraca thaipingensis,Calocedrus decurrens,Sequoia sempervirens,Stenocarpus sinuatus,Acacia koa
Acacia melanoxylon	Acacia longifolia,Acacia retinodes,Acacia implexa,Acacia dealbata,Acacia pycnantha,Acacia cyclops,Acacia saligna,Acacia mearnsii,Paraserianthes lophantha,Acacia redolens,Umbellularia californica,Acacia confusa,Acacia koa,Acacia disparrima,Acacia leiocalyx,Acacia auriculiformis,Acacia maidenii,Acacia decurrens,Olea europaea,Dodonaea viscosa,Maytenus boaria,Acacia mangium,Acacia falcata,Heteromeles arbutifolia
Bradybaena similaris	Cornu aspersum,Helicina orbiculata,Polygyra cereolus,Sarika siamensis,Zachrysia provisoria,Quantula striata,Fruticicola fruticum,Zonitoides arboreus,Lissachatina fulica,Cepaea nemoralis,Oxychilus draparnaudi,Patera roemeri,Otala lactea,Mesodon thyroidus,Megaustenia imperator,Monacha cantiana
Lissachatina fulica	Lissachatina immaculata,Cornu aspersum,Sinistrofulgur perversum,Helix pomatia,Archachatina marginata,Cochlitoma zebra,Rabdotus dealbatus,Bradybaena similaris,Pomacea canaliculata,Metachatina kraussi,Megalobulimus oblongus,Helix lucorum,Arianta arbustorum,Megaustenia imperator,Achatina achatina,Euglandina rosea,Rabdotus alternatus,Rumina decollata
Guaiacum officinale	Guaiacum sanctum,Duranta erecta,Terminalia buceras,Guaiacum coulteri,Cassia fistula
Linepithema humile	Monomorium minimum,Prenolepis imparis,Solenopsis invicta,Paratrechina longicornis,Tetramorium immigrans,Brachymyrmex patagonicus,Lasius niger,Liometopum occidentale,Camponotus pennsylvanicus,Solenopsis xyloni,Monomorium ergatogyna,Tetramorium caespitum,Oecophylla smaragdina,Pseudomyrmex gracilis,Pogonomyrmex rugosus,Veromessor andrei,Lasius neoniger
Acacia parramattensis	Acacia decurrens,Acacia mearnsii,Acacia irrorata,Acacia filicifolia,Acacia terminalis,Acacia dealbata,Acacia parvipinnula
Coccinella undecimpunctata	Harmonia axyridis,Coccinella septempunctata,Hippodamia variegata,Hippodamia convergens,Adalia bipunctata,Coccinella magnifica,Adalia decempunctata,Anatis ocellata,Coccinella novemnotata,Coccinella quinquepunctata,Ceratomegilla notata,Coccinella transversalis,Henosepilachna argus,Coelophora inaequalis,Harmonia dimidiata,Subcoccinella vigintiquatuorpunctata,Pyrrhocoris apterus
Cycloneda sanguinea	Harmonia axyridis,Cycloneda polita,Cycloneda munda,Hippodamia convergens,Coccinella californica,Coccinella septempunctata,Anatis lecontei,Coelophora inaequalis,Adalia bipunctata,Chrysomela populi,Chelymorpha cribraria,Hippodamia variegata,Coccinella novemnotata,Micraspis discolor,Anatis rathvoni
Guaiacum coulteri	Guaiacum sanctum,Vachellia rigidula,Jacaranda mimosifolia,Ebenopsis ebano,Lysimachia monelli,Adelia brandegeei,Lycianthes rantonnetii,Lysiloma divaricatum,Guaiacum officinale,Pithecellobium dulce,Duranta erecta,Bursera fagaroides,Fraxinus excelsior,Vachellia farnesiana,Plumbago auriculata,Olneya tesota
Paraserianthes lophantha	Albizia julibrissin,Leucaena leucocephala,Acacia dealbata,Acacia mearnsii,Jacaranda mimosifolia,Delonix regia,Acacia melanoxylon,Vachellia macracantha,Acacia decurrens,Falcataria falcata,Acacia elata,Mimosa pudica,Lysiloma latisiliquum,Chamaecrista fasciculata,Phyllanthus emblica,Albizia lebbeck,Acacia baileyana,Parasenegalia visco,Senegalia galpinii
Amanita frostiana	Amanita flavoconia,Amanita muscaria,Amanita flavorubens,Amanita elongata,Amanita persicina,Amanita parcivolvata,Suillus americanus,Amanita caesarea,Russula claroflava
Calidris ruficollis	Calidris alba,Calidris minuta,Calidris acuminata,Calidris alpina,Calidris subminuta,Actitis hypoleucos,Pluvialis squatarola,Calidris ferruginea,Calidris canutus,Calidris falcinellus,Thinornis cucullatus,Pluvialis fulva,Calidris minutilla
Amanita regalis	Amanita pantherina,Amanita muscaria,Amanita rubescens,Amanita pantherinoides,Amanita augusta,Amanita excelsa,Amanita flavorubens,Amanita franchetii,Amanita fulva
Oligosoma polychroma	Oligosoma maccanni,Oligosoma zelandicum,Oligosoma kokowai,Podarcis muralis,Oligosoma aeneum,Lampropholis delicata,Oligosoma inconspicuum,Oligosoma repens,Zootoca vivipara,Oligosoma nigriplantare,Scincella lateralis,Lampropholis guichenoti,Oligosoma infrapunctatum,Oligosoma moco,Oligosoma notosaurus,Oligosoma smithi
Spizella pusilla	Passer domesticus,Spizella passerina,Zonotrichia leucophrys,Melospiza melodia,Spizella pallida,Spizelloides arborea,Zonotrichia albicollis,Haemorhous mexicanus,Passerina cyanea,Pooecetes gramineus,Junco hyemalis,Fringilla coelebs,Zonotrichia querula,Passerella iliaca,Spinus tristis,Setophaga coronata,Spizella breweri,Melospiza lincolnii,Thryothorus ludovicianus,Ammodramus savannarum,Agelaius phoeniceus,Centronyx henslowii,Linaria cannabina,Setophaga discolor
Spilopelia chinensis	Geopelia striata,Streptopelia orientalis,Columba livia,Zenaida macroura,Streptopelia decaocto,Streptopelia tranquebarica,Spilopelia senegalensis,Zenaida auriculata,Zenaida asiatica,Columba palumbus,Passer montanus,Ocyphaps lophotes,Phaps chalcoptera,Geopelia humeralis,Geopelia placida,Columbina inca,Acridotheres tristis,Pycnonotus goiavier,Treron vernans,Streptopelia semitorquata,Spodiopsar cineraceus,Mimus polyglottos,Pycnonotus sinensis
Helix pomatia	Cornu aspersum,Helix lucorum,Helix thessalica,Arianta arbustorum,Cepaea nemoralis,Fruticicola fruticum,Lissachatina fulica,Helix cincta,Cepaea hortensis,Caucasotachea vindobonensis,Cantareus apertus,Zachrysia provisoria,Helix schlaeflii,Eobania vermiculata,Helix melanostoma,Otala lactea,Rabdotus mooreanus,Euomphalia strigella,Bradybaena similaris
Amanita rubescens	Amanita pantherina,Amanita muscaria,Amanita excelsa,Amanita novinupta,Amanita citrina,Echinoderma asperum,Amanita regalis,Amanita flavorubens,Macrolepiota procera,Amanita brunnescens,Amanita persicina,Amanita canescens,Amanita brunneolocularis,Scleroderma citrinum,Amanita fulva,Amanita phalloides,Agaricus augustus,Amanita crenulata,Leucoagaricus americanus,Amanita franchetii,Pluteus cervinus,Amanita daucipes,Amanita porphyria
Vachellia pennatula	Vachellia farnesiana,Delonix regia,Vachellia macracantha,Vachellia campechiana,Vachellia schaffneri,Acacia dealbata,Senegalia berlandieri,Jacaranda mimosifolia,Vachellia sieberiana,Vachellia karroo,Eysenhardtia polystachya,Vachellia constricta,Paraserianthes lophantha,Ceratonia siliqua,Acacia mearnsii,Metasequoia glyptostroboides,Taxodium mucronatum,Leucaena leucocephala
Cycloneda polita	Cycloneda sanguinea,Harmonia axyridis,Coccinella californica,Hippodamia convergens,Adalia bipunctata,Cycloneda munda,Mulsantina picta,Coccinella septempunctata,Anatis lecontei,Anatis rathvoni,Micraspis discolor,Olla v-nigrum
Nephilingis cruentata	Zosis geniculata,Trichonephila clavipes,Nephilengys malabarensis,Latrodectus geometricus,Oecobius navus,Argiope aurantia,Nuctenea umbratica,Parasteatoda tepidariorum,Argiope argentata,Araneus diadematus,Scytodes fusca,Leucauge argyrobapta,Larinioides sclopetarius,Tylorida ventralis,Nephilingis livida,Cyrtophora citricola,Argiope australis
Zonotrichia capensis	Passer domesticus,Zonotrichia leucophrys,Passer montanus,Troglodytes musculus,Aimophila ruficeps,Melospiza melodia,Turdus chiguanco,Melospiza lincolnii,Zenaida auriculata,Metriopelia ceciliae,Molothrus bonariensis,Zonotrichia albicollis,Mimus saturninus,Prunella modularis,Spizella passerina,Rhopospina fruticeti,Mimus dorsalis,Chondestes grammacus,Ammodramus humeralis,Conirostrum cinereum,Mimus longicaudatus,Turdus fuscater,Furnarius rufus
Duranta erecta	Solanum diphyllum,Plumbago auriculata,Ficus microcarpa,Coleus scutellarioides,Euonymus japonicus,Murraya paniculata,Ligustrum ovalifolium,Buxus sempervirens,Maytenus boaria,Ulmus parvifolia,Celastrus orbiculatus,Buxus microphylla,Lycianthes rantonnetii,Brunfelsia pauciflora,Melicytus ramiflorus,Ficus benjamina,Solanum pseudocapsicum,Petrea volubilis,Stachytarpheta jamaicensis,Randia aculeata,Erythroxylum coca
Acacia parvipinnula	Acacia mearnsii,Acacia irrorata,Acacia filicifolia,Acacia dealbata,Acacia parramattensis
Endothia gyrosa	Peniophora rufa,Nectria cinnabarina,Dacrymyces stillatus,Neonectria faginata,Trametes coccinea,Xanthocarpia feracissima,Phaeophyscia rubropulchra
Acacia terminalis	Acacia decurrens,Acacia elata,Acacia schinoides,Acacia mearnsii,Acacia irrorata,Acacia rubida,Acacia parramattensis,Acacia ulicifolia,Acacia mitchellii,Acacia melanoxylon,Acacia dealbata,Leucaena leucocephala
Tripleurospermum inodorum	Matricaria chamomilla,Leucanthemum vulgare,Anthemis cotula,Tripleurospermum maritimum,Matricaria discoidea,Eupatorium capillifolium,Anthemis arvensis,Chamaemelum nobile,Anethum graveolens,Bellis perennis,Chamaemelum fuscatum,Achillea millefolium,Cota austriaca,Tanacetum parthenium,Argyranthemum frutescens,Cosmos bipinnatus,Erigeron strigosus,Descurainia sophia,Tanacetum corymbosum,Leucanthemum maximum,Foeniculum vulgare,Erigeron annuus,Leucanthemum ircutianum
Pinna rudis	Pinna nobilis,Atrina rigida
Fruticicola fruticum	Arianta arbustorum,Cepaea nemoralis,Cepaea hortensis,Helix pomatia,Euomphalia strigella,Cornu aspersum,Bradybaena similaris,Hygromia cinctella,Monacha cantiana,Trochulus hispidus,Monacha cartusiana,Mesodon thyroidus,Caucasotachea vindobonensis,Urticicola umbrosus,Succinea putris,Oxychilus draparnaudi,Helicina orbiculata,Cantareus apertus
Melospiza melodia	Melospiza lincolnii,Passerculus sandwichensis,Passer domesticus,Zonotrichia albicollis,Passerella iliaca,Melospiza georgiana,Spizella passerina,Agelaius phoeniceus,Haemorhous mexicanus,Zonotrichia leucophrys,Haemorhous purpureus,Spizelloides arborea,Zonotrichia atricapilla,Junco hyemalis,Pooecetes gramineus,Thryothorus ludovicianus,Chondestes grammacus,Spizella pusilla,Thryomanes bewickii,Toxostoma rufum,Troglodytes pacificus,Spinus pinus,Mimus polyglottos,Cistothorus palustris
Trifolium pratense	Trifolium medium,Trifolium repens,Trifolium hybridum,Trifolium hirtum,Trifolium wormskioldii,Trifolium fragiferum,Trifolium alpestre,Trifolium incarnatum,Trifolium resupinatum,Trifolium purpureum,Trifolium subterraneum,Trifolium vesiculosum,Melilotus albus,Trifolium montanum,Gomphrena globosa,Allium schoenoprasum,Trifolium arvense,Medicago lupulina,Medicago sativa,Knautia arvensis,Bellis perennis,Trifolium parryi,Prunella vulgaris
Vipera seoanei	Vipera aspis,Coronella austriaca,Vipera berus,Vipera latastei,Natrix maura,Malpolon monspessulanus,Coronella girondica
Calidris minuta	Calidris alba,Calidris temminckii,Calidris alpina,Calidris minutilla,Calidris ruficollis,Calidris pugnax,Calidris ferruginea,Tringa glareola,Actitis hypoleucos,Calidris pusilla,Calidris subminuta,Calidris mauri,Calidris falcinellus,Phalaropus lobatus,Charadrius hiaticula,Tringa stagnatilis,Tringa nebularia,Calidris bairdii,Pluvialis squatarola,Xenus cinereus
Helicina orbiculata	Bradybaena similaris,Otala lactea,Cepaea nemoralis,Cornu aspersum,Zachrysia provisoria,Polygyra cereolus,Patera roemeri,Cepaea hortensis,Linisa texasiana,Theba pisana,Rabdotus mooreanus,Zonitoides arboreus,Praticolella berlandieriana,Oxychilus draparnaudi,Mesodon thyroidus,Monacha cartusiana,Fruticicola fruticum,Littorina littorea,Helix pomatia,Caucasotachea vindobonensis,Helicina amoena
Atrina fragilis	Atrina pectinata,Pinna nobilis,Atrina serrata
Vipera ursinii	Vipera berus,Vipera renardi,Vipera ammodytes,Vipera aspis
Arianta arbustorum	Cornu aspersum,Cepaea nemoralis,Fruticicola fruticum,Helix pomatia,Monacha cantiana,Cepaea hortensis,Hygromia cinctella,Trochulus hispidus,Helix lucorum,Urticicola umbrosus,Lissachatina fulica,Monadenia fidelis,Aegopis verticillus,Trochulus striolatus,Euomphalia strigella,Allogona townsendiana,Succinea putris,Xeroplexa intersecta,Zonitoides nitidus,Oxychilus draparnaudi,Bradybaena similaris,Zachrysia provisoria,Helicella itala
Turdus migratorius	Sturnus vulgaris,Turdus rufopalliatus,Zenaida macroura,Erithacus rubecula,Haemorhous mexicanus,Cardinalis cardinalis,Pipilo erythrophthalmus,Passer domesticus,Sialia sialis,Dumetella carolinensis,Mimus polyglottos,Pipilo maculatus,Junco hyemalis,Ixoreus naevius,Colaptes auratus,Quiscalus quiscula,Thryothorus ludovicianus,Agelaius phoeniceus,Icterus galbula,Hylocichla mustelina,Toxostoma rufum,Pheucticus melanocephalus,Turdus iliacus
Anguis fragilis	Anguis colchica,Anguis veronensis,Anguis graeca,Coronella austriaca,Natrix natrix,Chalcides striatus,Pseudopus apodus,Vipera berus,Zamenis scalaris,Charina bottae,Zamenis longissimus,Natrix helvetica,Ablepharus kitaibelii,Storeria dekayi,Anniella pulchra,Ophisaurus ventralis,Duberria lutrix,Indotyphlops braminus,Anniella stebbinsi,Anguis cephallonica,Scincella lateralis,Podarcis muralis,Chalcides chalcides,Plestiodon skiltonianus
Calidris pygmaea	Calidris ruficollis,Calidris alba,Calidris minuta
Coelophora inaequalis	Harmonia axyridis,Coccinella transversalis,Cheilomenes sexmaculata,Harmonia octomaculata,Micraspis frenata,Harmonia dimidiata,Cycloneda sanguinea,Coccinella septempunctata,Harmonia conformis,Henosepilachna vigintioctopunctata,Hippodamia variegata,Propylea japonica,Illeis galbula,Hippodamia convergens,Novius cardinalis,Micraspis discolor,Epilachna tredecimnotata
Matricaria chamomilla	Tripleurospermum inodorum,Tanacetum parthenium,Matricaria discoidea,Leucanthemum vulgare,Anthemis cotula,Chamaemelum nobile,Chamaemelum fuscatum,Anthemis ruthenica,Bellis perennis,Anthemis arvensis,Glebionis coronaria,Anacyclus clavatus,Cladanthus mixtus,Tripleurospermum maritimum,Bidens alba,Tanacetum corymbosum,Tridax procumbens,Thymophylla concinna,Erigeron annuus,Cosmos bipinnatus,Tanacetum vulgare,Achillea millefolium,Galinsogeopsis spilanthoides
Terminalia buceras	Ficus benjamina,Quercus virginiana,Terminalia catappa,Ficus microcarpa,Terminalia molinetii,Bursera simaruba,Conocarpus erectus,Schinus molle,Guaiacum officinale,Cupaniopsis anacardioides,Sideroxylon lanuginosum,Laguncularia racemosa,Quercus nigra,Swietenia mahagoni,Quadrella indica,Pithecellobium dulce,Fraxinus uhdei,Quercus laurifolia,Streblus asper,Azadirachta indica
Acacia myrtifolia	Acacia pycnantha,Acacia suaveolens,Acacia prominens,Acacia genistifolia,Acacia saligna,Acacia longifolia,Acacia acinacea,Dodonaea viscosa,Acacia mearnsii,Vachellia macracantha,Acacia hastulata,Acacia implexa,Acacia melanoxylon
Vipera berus	Vipera aspis,Natrix natrix,Vipera nikolskii,Coronella austriaca,Vipera renardi,Natrix helvetica,Vipera ammodytes,Natrix tessellata,Vipera ursinii,Anguis fragilis,Vipera seoanei,Thamnophis sirtalis,Vipera walser,Hierophis viridiflavus,Gloydius halys,Telescopus fallax,Podarcis muralis,Natrix maura,Pituophis catenifer,Zamenis longissimus,Pantherophis guttatus,Dolichophis jugularis,Acanthophis wellsi
Cryphonectria parasitica	Hydnoporia olivacea,Aurantioporthe corni,Endothia gyrosa
Pycnonotus cafer	Pycnonotus jocosus,Pycnonotus aurigaster,Pycnonotus barbatus,Pycnonotus leucotis,Acridotheres tristis,Sayornis nigricans,Haemorhous mexicanus,Turdus migratorius,Junco hyemalis,Hypsipetes leucocephalus,Copsychus saularis,Hypsipetes amaurotis,Pycnonotus leucogenys,Dicrurus macrocercus,Corvus cornix,Phainopepla nitens,Sayornis saya,Sturnus vulgaris,Pycnonotus sinensis,Pycnonotus xanthopygos,Passer domesticus
Podarcis bocagei	Podarcis muralis,Podarcis carbonelli,Podarcis virescens,Psammodromus algirus,Iberolacerta monticola,Podarcis hispanicus,Podarcis siculus,Lacerta schreiberi,Podarcis vaucheri,Teira dugesii,Zootoca vivipara,Podarcis guadarramae,Podarcis liolepis
Passer hispaniolensis	Passer domesticus,Passer italiae,Passer montanus,Petronia petronia,Emberiza calandra,Spizella passerina,Saxicola rubicola,Periparus ater,Passer iagoensis,Fringilla coelebs,Serinus canaria,Serinus serinus
Callicoma serratifolia	Banksia sessilis,Acacia mearnsii,Ochna serrulata,Elaeocarpus reticulatus,Rhododendron maximum
Olla v-nigrum	Harmonia axyridis,Chilocorus cacti,Chilocorus stigma,Anatis labiculata,Coccinella septempunctata,Harmonia quadripunctata,Axion plagiatum,Hippodamia convergens,Psyllobora vigintimaculata,Adalia bipunctata,Adalia decempunctata,Oenopia conglobata,Cheilomenes sexmaculata,Mulsantina picta,Epilachna varivestis,Harmonia sedecimnotata,Cycloneda sanguinea
Erigeron karvinskianus	Bellis perennis,Erigeron glaucus,Erigeron strigosus,Erigeron annuus,Leucanthemum vulgare,Erigeron modestus,Aphanostephus ramosissimus,Argyranthemum frutescens,Erigeron foliosus,Symphyotrichum divaricatum,Tanacetum balsamita,Tridax procumbens,Bellis sylvestris,Leucanthemum maximum,Erigeron philadelphicus,Symphyotrichum subulatum,Erigeron pulchellus,Symphyotrichum lanceolatum,Erigeron glacialis,Erigeron canadensis
Petalura gigantea	Telephlebia godeffroyi,Austrophlebia costalis
Trifolium repens	Trifolium pratense,Trifolium hybridum,Trifolium nigrescens,Trifolium subterraneum,Medicago lupulina,Trifolium fragiferum,Medicago polymorpha,Melilotus albus,Trifolium amabile,Trifolium dubium,Medicago arabica,Trifolium montanum,Marsilea vestita,Trifolium vesiculosum,Oxalis corniculata,Taraxacum officinale,Trifolium longipes,Oxalis acetosella,Trifolium stoloniferum,Trifolium glomeratum,Melilotus indicus,Marsilea quadrifolia,Trifolium hirtum,Trifolium ambiguum
Vipera aspis	Vipera berus,Natrix maura,Vipera latastei,Coronella austriaca,Natrix helvetica,Vipera seoanei,Natrix tessellata,Coronella girondica,Hierophis viridiflavus,Zamenis scalaris,Vipera ammodytes,Vipera walser,Vipera ursinii,Pituophis catenifer
Erigeron strigosus	Erigeron annuus,Erigeron philadelphicus,Erigeron pulchellus,Bellis perennis,Erigeron quercifolius,Doellingeria umbellata,Erigeron karvinskianus,Leucanthemum vulgare,Symphyotrichum pilosum,Erigeron canadensis,Erigeron modestus,Erigeron vernus,Erigeron divergens,Symphyotrichum lanceolatum,Symphyotrichum divaricatum,Symphyotrichum prenanthoides,Erigeron acris,Tripleurospermum inodorum,Erigeron speciosus,Erigeron coulteri,Symphyotrichum subulatum,Erigeron tenuis,Erigeron glabellus,Boltonia asteroides
Acridotheres fuscus	Acridotheres tristis,Acridotheres javanicus,Acridotheres grandis,Acridotheres ginginianus,Gracula indica,Acridotheres cristatellus,Gracula religiosa,Turdus simillimus
Acacia irrorata	Acacia mearnsii,Acacia oshanesii,Acacia dealbata,Acacia glaucocarpa,Acacia parvipinnula,Acacia parramattensis,Acacia decurrens,Acacia filicifolia,Acacia terminalis,Mimosa pigra
Acacia elata	Paraserianthes lophantha,Acacia terminalis,Acacia schinoides,Schinus molle,Leucaena leucocephala,Ekebergia capensis,Acacia mearnsii,Acacia decurrens,Acacia dealbata
Veromessor andrei	Pogonomyrmex rugosus,Tetramorium immigrans,Pogonomyrmex californicus,Linepithema humile,Pogonomyrmex barbatus,Liometopum occidentale,Prenolepis imparis,Camponotus pennsylvanicus,Pogonomyrmex occidentalis
Hippodamia tredecimpunctata	Harmonia axyridis,Hippodamia convergens,Hippodamia variegata,Ceratomegilla notata,Diabrotica undecimpunctata,Coccinella septempunctata,Anatis ocellata,Anisosticta novemdecimpunctata,Adalia bipunctata,Hippodamia washingtoni,Hippodamia parenthesis
Steatoda nobilis	Steatoda grossa,Steatoda triangulosa,Zygiella x-notata,Steatoda bipunctata,Latrodectus geometricus,Trachelas tranquillus,Latrodectus hesperus,Steatoda borealis,Steatoda capensis,Oecobius navus,Parasteatoda tepidariorum,Steatoda paykulliana,Trachelas pacificus,Amaurobius similis,Scotophaeus blackwalli,Larinioides cornutus,Badumna longinqua,Nesticodes rufipes,Metaltella simoni,Steatoda albomaculata,Araneus diadematus,Amaurobius ferox
Gymnorhina tibicen	Grallina cyanoleuca,Pica pica,Strepera graculina,Cracticus nigrogularis,Pica hudsonia,Cracticus torquatus,Columba livia,Acridotheres tristis,Chenonetta jubata,Corvus cornix,Spilopelia chinensis,Copsychus saularis,Gracupica nigricollis,Turdus merula,Strepera versicolor,Dacelo novaeguineae,Hemiphaga novaeseelandiae,Corvus corone,Chroicocephalus novaehollandiae,Sturnus vulgaris,Corvus brachyrhynchos,Cairina moschata,Tadorna variegata,Circus approximans
Cycloneda munda	Harmonia axyridis,Cycloneda sanguinea,Hippodamia convergens,Cycloneda polita,Coccinella septempunctata,Mulsantina picta,Myzia pullata,Micraspis discolor,Adalia decempunctata,Adalia bipunctata,Mulsantina luteodorsa,Labidomera clivicollis,Hippodamia variegata,Lygaeus turcicus,Coelophora inaequalis,Cheilomenes sexmaculata,Coccinella californica
Spizella passerina	Passer domesticus,Spizella pallida,Zonotrichia leucophrys,Melospiza melodia,Spizelloides arborea,Zonotrichia albicollis,Spizella breweri,Spizella pusilla,Melospiza georgiana,Haemorhous mexicanus,Chondestes grammacus,Aimophila ruficeps,Melospiza lincolnii,Passerculus sandwichensis,Peucaea carpalis,Pooecetes gramineus,Thryothorus ludovicianus,Junco hyemalis,Spinus pinus,Agelaius phoeniceus,Mimus polyglottos,Turdus migratorius,Setophaga pinus,Passer montanus
Otala lactea	Cornu aspersum,Eobania vermiculata,Theba pisana,Otala punctata,Patera roemeri,Cepaea nemoralis,Helicina orbiculata,Bradybaena similaris,Cernuella virgata,Helicella itala,Helix pomatia,Lissachatina fulica,Helminthoglypta tudiculata,Webbhelix multilineata,Rabdotus mooreanus,Polygyra cereolus,Cepaea hortensis,Helix lucorum,Haplotrema minimum,Monacha cantiana,Cantareus apertus,Xeroplexa intersecta
Harmonia axyridis	Coccinella septempunctata,Adalia bipunctata,Harmonia conformis,Cycloneda munda,Adalia decempunctata,Hippodamia convergens,Psyllobora vigintiduopunctata,Cycloneda sanguinea,Chilocorus renipustulatus,Hippodamia variegata,Coccinella undecimpunctata,Harmonia quadripunctata,Hippodamia tredecimpunctata,Cheilomenes sexmaculata,Chilocorus cacti,Coelophora inaequalis,Cycloneda polita,Epilachna borealis,Olla v-nigrum,Henosepilachna vigintioctopunctata,Coccinella transversalis,Subcoccinella vigintiquatuorpunctata
Pholcus phalangioides	Holocnemus pluchei,Pholcus manueli,Crossopriza lyoni,Pholcus opilionoides,Smeringopus pallidus,Phalangium opilio,Physocyclus globosus,Opilio canestrinii,Spermophora senoculata,Leiobunum vittatum,Dicranopalpus ramosus,Psilochorus simoni,Parasteatoda tepidariorum,Steatoda grossa,Rilaena triangularis,Cryptachaea gigantipes,Scytodes thoracica
Amanita citrina	Amanita phalloides,Amanita virosa,Amanita lavendula,Amanita rubescens,Amanita muscaria,Amanita canescens,Amanita bisporigera,Amanita crenulata,Amanita flavorubens,Amanita roseotincta,Leucoagaricus leucothites,Amanita strobiliformis,Amanita pantherina,Echinoderma asperum,Macrolepiota procera,Amanita excelsa,Amanita franchetii,Amanita brunnescens,Amanita verna,Amanita asteropus,Amanita abrupta,Amanita cokeri
Amanita pantherinoides	Amanita pantherina,Amanita muscaria,Amanita augusta,Amanita aprica,Amanita velosa,Amanita rubescens,Amanita regalis,Amanita multisquamosa,Amanita vernicoccora,Amanita breckonii,Amanita crenulata,Amanita ocreata,Amanita phalloides,Amanita umbrinidisca,Amanita nothofagi,Amanita flavoconia,Amanita excelsa,Chlorophyllum rhacodes,Amanita calyptroderma,Stropharia ambigua
Erigeron peregrinus	Erigeron glacialis,Bellis perennis,Eurybia sibirica,Erigeron aliceae,Erigeron pulchellus,Oreostemma alpigenum,Erigeron philadelphicus,Leucanthemum vulgare,Townsendia parryi,Erigeron speciosus,Erigeron karvinskianus,Callistephus chinensis,Tanacetum coccineum,Aster alpinus,Symphyotrichum subspicatum,Eurybia integrifolia,Erigeron glaucus
Zonotrichia atricapilla	Zonotrichia leucophrys,Passer domesticus,Melospiza melodia,Zonotrichia albicollis,Passerculus sandwichensis,Regulus satrapa,Aimophila ruficeps,Haemorhous mexicanus,Melospiza lincolnii,Spinus pinus,Melozone crissalis,Junco hyemalis,Haemorhous purpureus,Spizella passerina,Turdus migratorius,Spizella breweri,Sturnus vulgaris,Catharus guttatus,Passerella iliaca,Setophaga coronata,Poecile atricapillus,Chondestes grammacus,Zonotrichia querula
Psammodromus algirus	Podarcis liolepis,Podarcis virescens,Podarcis muralis,Acanthodactylus erythrurus,Podarcis vaucheri,Podarcis bocagei,Ophisops occidentalis,Psammodromus edwarsianus,Psammodromus occidentalis,Podarcis hispanicus,Anolis sagrei,Psammodromus hispanicus,Timon lepidus,Aspidoscelis gularis,Mesalina olivieri,Podarcis guadarramae,Sceloporus occidentalis,Ophisops elegans,Sceloporus consobrinus,Psammodromus blanci,Zootoca vivipara,Aspidoscelis hyperythrus
Amanita basii	Amanita caesarea,Amanita laurae,Amanita yema,Amanita jacksonii,Amanita muscaria,Amanita flavoconia,Amanita hayalyuy,Amanita crocea
Passer domesticus	Passer montanus,Passer italiae,Haemorhous mexicanus,Spizella passerina,Melospiza melodia,Passer hispaniolensis,Zonotrichia albicollis,Zonotrichia leucophrys,Mimus polyglottos,Junco hyemalis,Poecile atricapillus,Spizella pusilla,Sturnus vulgaris,Prunella modularis,Petronia petronia,Thryothorus ludovicianus,Fringilla coelebs,Spizelloides arborea,Turdus migratorius,Zonotrichia capensis,Passer melanurus,Poecile carolinensis,Chondestes grammacus,Zonotrichia atricapilla
Plestiodon fasciatus	Plestiodon laticeps,Plestiodon inexpectatus,Scincella lateralis,Plestiodon elegans,Plestiodon anthracinus,Plestiodon quadrilineatus,Plestiodon septentrionalis,Plestiodon skiltonianus,Aspidoscelis sexlineatus,Trachylepis margaritifera,Plestiodon tetragrammus,Cryptoblepharus pulcher,Emoia caeruleocauda,Cryptoblepharus egeriae,Anolis sagrei,Anolis carolinensis,Sceloporus undulatus,Trachylepis quinquetaeniata,Plestiodon finitimus,Plestiodon gilberti,Aspidoscelis gularis,Plestiodon japonicus,Pholidoscelis wetmorei,Lampropholis delicata
Natrix maura	Vipera aspis,Natrix astreptophora,Malpolon monspessulanus,Natrix tessellata,Natrix helvetica,Coronella girondica,Hemorrhois hippocrepis,Zamenis scalaris,Coronella austriaca,Nerodia sipedon,Natrix natrix,Vipera latastei,Hierophis viridiflavus,Zamenis longissimus,Vipera seoanei,Nerodia rhombifer,Vipera berus,Nerodia erythrogaster,Nerodia taxispilota,Thamnophis sirtalis,Macroprotodon mauritanicus,Tropidonophis mairii,Helicops danieli,Thamnophis couchii
Chilocorus renipustulatus	Harmonia axyridis,Chilocorus stigma,Adalia decempunctata,Adalia bipunctata,Chilocorus bipustulatus,Chilocorus cacti,Axion plagiatum,Chilocorus kuwanae
Amanita flavoconia	Amanita muscaria,Amanita frostiana,Amanita flavorubens,Amanita parcivolvata,Amanita jacksonii,Amanita caesarea,Amanita elongata,Amanita persicina,Hygrocybe flavescens,Suillus americanus,Amanita erythrocephala,Pluteus chrysophlebius,Amanita basii,Humidicutis marginata,Hygrocybe acutoconica,Amanita flavivolva,Amanita augusta,Amanita wellsii,Amanita fulva,Bolbitius titubans,Amanita arkansana,Amanita flavella
Spizelloides arborea	Spizella passerina,Passer domesticus,Zonotrichia leucophrys,Melospiza melodia,Zonotrichia albicollis,Melospiza georgiana,Spizella pusilla,Spinus tristis,Tachycineta bicolor,Haemorhous mexicanus,Junco hyemalis,Acanthis flammea,Chondestes grammacus,Zonotrichia querula,Melospiza lincolnii,Poecile atricapillus,Passer montanus,Passerculus sandwichensis,Agelaius phoeniceus,Emberiza schoeniclus,Spizella pallida
Amanita aprica	Amanita muscaria,Amanita pantherinoides,Amanita pantherina,Amanita vernicoccora,Amanita persicina,Amanita augusta,Amanita calyptroderma,Amanita velosa,Amanita umbrinidisca,Amanita flavorubens,Russula claroflava,Amanita breckonii,Amanita smithiana,Amanita phalloides,Agaricus augustus
Cryptachaea veruculata	Cryptachaea gigantipes,Parasteatoda tepidariorum,Theridion pyramidale,Oecobius navus,Zygiella x-notata,Steatoda grossa
Dolomedes plantarius	Dolomedes fimbriatus
Acaciella angustissima	Desmanthus illinoensis,Desmanthus leptolobus,Senegalia berlandieri,Vachellia farnesiana,Albizia julibrissin,Leucaena leucocephala,Lysiloma watsonii,Mariosousa millefolia,Desmanthus velutinus,Desmanthus cooleyi,Mimosa aculeaticarpa,Havardia pallens,Calliandra humilis,Calliandra houstoniana,Acacia mearnsii,Gleditsia triacanthos,Mimosa pigra,Vachellia campechiana,Lysiloma divaricatum,Leucaena esculenta,Leucaena pulverulenta,Desmanthus virgatus
Lacerta agilis	Zootoca vivipara,Lacerta viridis,Podarcis muralis,Lacerta bilineata,Lacerta strigata,Podarcis siculus,Podarcis tauricus,Darevskia praticola,Uta stansburiana,Lacerta trilineata,Lacerta media,Darevskia brauneri,Eremias arguta,Ophisops elegans,Anolis sagrei,Trachylepis capensis,Iberolacerta monticola,Lacerta diplochondrodes,Sceloporus tristichus,Sceloporus occidentalis,Latastia longicaudata,Pedioplanis lineoocellata
Camponotus pennsylvanicus	Camponotus chromaiodes,Camponotus vagus,Camponotus modoc,Camponotus nearcticus,Camponotus herculeanus,Tetramorium immigrans,Monomorium minimum,Camponotus novaeboracensis,Lasius niger,Paratrechina longicornis,Camponotus americanus,Prenolepis imparis,Camponotus compressus,Solenopsis invicta,Linepithema humile,Brachymyrmex patagonicus,Camponotus japonicus,Cephalotes atratus,Camponotus subbarbatus,Lasius fuliginosus
Aurantioporthe corni	Cryphonectria parasitica
Monomorium ergatogyna	Monomorium minimum,Linepithema humile,Tetramorium immigrans,Brachymyrmex patagonicus,Camponotus pennsylvanicus,Solenopsis xyloni
Acacia saligna	Acacia retinodes,Acacia pycnantha,Acacia longifolia,Acacia melanoxylon,Acacia cyclops,Acacia salicina,Acacia stricta,Acacia provincialis,Acacia iteaphylla,Acacia dealbata,Acacia implexa,Acacia myrtifolia,Searsia lancea,Eucalyptus erythrocorys,Dodonaea viscosa,Acacia fimbriata,Acacia redolens,Acacia mearnsii,Eucalyptus camaldulensis,Acacia stenophylla,Schinus molle,Leucaena leucocephala,Acacia dentifera,Acacia uncifolia
Hygrocybe intermedia	Hygrocybe conica,Hygrocybe nigrescens
Lacerta viridis	Lacerta bilineata,Lacerta agilis,Lacerta trilineata,Anolis carolinensis,Podarcis muralis,Zootoca vivipara,Lacerta diplochondrodes,Podarcis tauricus,Podarcis siculus,Darevskia praticola,Timon lepidus,Podarcis melisellensis,Lacerta strigata,Lacerta schreiberi,Ophisops elegans,Iguana iguana,Podarcis ionicus,Anolis biporcatus,Anolis equestris,Podarcis erhardii,Basiliscus plumifrons
Albizia julibrissin	Paraserianthes lophantha,Calliandra surinamensis,Calliandra selloi,Leucaena leucocephala,Mimosa pudica,Samanea saman,Chamaecrista nictitans,Delonix regia,Chamaecrista fasciculata,Gleditsia triacanthos,Desmanthus illinoensis,Phyllanthus urinaria,Pteridium aquilinum,Ailanthus altissima,Mimosa borealis,Mimosa quadrivalvis,Robinia pseudoacacia,Falcataria falcata,Lysiloma divaricatum,Mimosa strigillosa,Acaciella angustissima
Manorina melanocephala	Acridotheres tristis,Manorina flavigula,Coracina novaehollandiae,Passer domesticus,Grallina cyanoleuca,Zenaida macroura,Cracticus torquatus,Mimus polyglottos,Pycnonotus sinensis,Turdus migratorius,Junco hyemalis,Anthochaera carunculata,Manorina melanotis,Entomyzon cyanotis,Coloeus monedula,Buteo buteo,Acridotheres javanicus,Ptilonorhynchus violaceus,Baeolophus bicolor,Turdus falcklandii,Anthochaera chrysoptera,Manorina melanophrys,Cracticus nigrogularis
Henosepilachna vigintioctopunctata	Harmonia axyridis,Henosepilachna vigintioctomaculata,Harmonia conformis,Epilachna tredecimnotata,Epilachna borealis,Coelophora inaequalis,Epilachna varivestis,Psyllobora vigintiduopunctata,Henosepilachna argus,Harmonia dimidiata,Harmonia sedecimnotata,Subcoccinella vigintiquatuorpunctata
Cepaea nemoralis	Cepaea hortensis,Caucasotachea vindobonensis,Arianta arbustorum,Cornu aspersum,Monadenia fidelis,Neohelix albolabris,Helix pomatia,Fruticicola fruticum,Otala lactea,Monacha cantiana,Eobania vermiculata,Theba pisana,Helicina orbiculata,Hygromia cinctella,Helix lucorum,Caracolus marginella,Xerolenta obvia,Haplotrema vancouverense,Bradybaena similaris,Allogona townsendiana,Cernuella virgata,Helicella itala,Oxychilus draparnaudi
Araneus diadematus	Araneus nordmanni,Neoscona crucifera,Larinioides sclopetarius,Araneus marmoreus,Araneus angulatus,Araneus quadratus,Neoscona arabesca,Araneus pallidus,Araneus gemmoides,Neoscona oaxacensis,Larinioides cornutus,Araneus trifolium,Araneus gemma,Aculepeira ceropegia,Agalenatea redii,Larinioides patagiatus,Nuctenea umbratica,Parasteatoda tepidariorum,Araneus cavaticus,Araneus saevus,Argiope aurantia,Zygiella x-notata,Neoscona orizabensis,Araneus bicentenarius
Exocarpos cupressiformis	Exocarpos strictus,Jacksonia scoparia,Choretrum candollei,Allocasuarina littoralis,Callitris rhomboidea,Exocarpos sparteus,Casuarina cunninghamiana,Alectryon oleifolius,Leptomeria acida,Callitris verrucosa,Acacia mearnsii,Callitris endlicheri
Gracupica contra	Lamprotornis bicolor,Acridotheres tristis,Copsychus saularis,Pastor roseus,Gracupica nigricollis,Vanellus indicus,Haematopus ostralegus
Lasius neoniger	Prenolepis imparis,Lasius niger,Tetramorium immigrans,Lasius americanus,Lasius pallitarsis,Lasius claviger,Solenopsis invicta,Lasius aphidicola,Linepithema humile,Lasius emarginatus,Lasius subumbratus,Camponotus americanus,Reticulitermes flavipes,Lasius alienus,Brachymyrmex depilis,Monomorium minimum,Camponotus herculeanus,Pogonomyrmex barbatus
